"order","created","sku","tier","qty","current_qty","charged_unit","variant_price_now","line_discount","grouped","check"
"#48747","2026-07-01","room-of-choice-ground-level-0-3-steps-349","ROC_0_3",1,1,349.0,349.00,0.0,"grouped","PASS"
"#48761","2026-07-02","room-of-choice-stair-carry-4-steps-549","ROC_4_PLUS",1,1,549.0,549.00,0.0,"grouped","PASS"
"#48763","2026-07-02","full-assembly-installation-any-room-449","ANY_ROOM_ASSEMBLY(unmapped)",1,1,449.0,449.00,0.0,"grouped","PASS"
"#48773","2026-07-03","garage-delivery-no-unpacking-left-in-crate-100","GARAGE_NO_UNPACK(unmapped)",1,1,100.0,100.00,0.0,"UNGROUPED","PASS"
"#48774","2026-07-03","room-of-choice-stair-carry-4-steps-599","ROC_4_PLUS",1,1,599.0,599.00,0.0,"grouped","PASS"
"#48775","2026-07-03","full-assembly-installation-any-room-299","ANY_ROOM_ASSEMBLY(unmapped)",1,1,299.0,299.00,0.0,"grouped","PASS"
"#48776","2026-07-03","garage-delivery-no-unpacking-left-in-crate-100","GARAGE_NO_UNPACK(unmapped)",1,1,100.0,100.00,0.0,"UNGROUPED","PASS"
"#48779","2026-07-03","room-of-choice-stair-carry-4-steps-549","ROC_4_PLUS",1,0,549.0,549.00,0.0,"UNGROUPED","REMOVED (edited out)"
"#48780","2026-07-03","room-of-choice-stair-carry-4-steps-549","ROC_4_PLUS",1,1,549.0,549.00,0.0,"UNGROUPED","PASS"
"#48783","2026-07-03","full-assembly-installation-any-room-449","ANY_ROOM_ASSEMBLY(unmapped)",1,1,449.0,449.00,44.9,"UNGROUPED","MANUAL REVIEW: discount on service line"
"#48783","2026-07-03","full-assembly-installation-any-room-449","ANY_ROOM_ASSEMBLY(unmapped)",1,1,449.0,449.00,44.9,"UNGROUPED","MANUAL REVIEW: discount on service line"
"#48783","2026-07-03","full-assembly-installation-any-room-449","ANY_ROOM_ASSEMBLY(unmapped)",1,1,449.0,449.00,44.9,"UNGROUPED","MANUAL REVIEW: discount on service line"
"#48783","2026-07-03","full-assembly-installation-any-room-449","ANY_ROOM_ASSEMBLY(unmapped)",1,1,449.0,449.00,44.9,"UNGROUPED","MANUAL REVIEW: discount on service line"
"#48786","2026-07-03","room-of-choice-ground-level-0-3-steps-349","ROC_0_3",1,1,349.0,349.00,0.0,"grouped","PASS"
"#48793","2026-07-04","garage-delivery-no-unpacking-left-in-crate-100","GARAGE_NO_UNPACK(unmapped)",1,1,100.0,100.00,0.0,"UNGROUPED","PASS"
"#48799","2026-07-05","garage-installation-249","GARAGE",1,1,249.0,249.00,0.0,"grouped","PASS"
"#48801","2026-07-05","garage-installation-299","GARAGE",1,1,299.0,299.00,0.0,"grouped","PASS"
"#48805","2026-07-05","room-of-choice-stair-carry-4-steps-699","ROC_4_PLUS",1,1,699.0,699.00,0.0,"grouped","PASS"
"#48807","2026-07-05","garage-delivery-no-unpacking-left-in-crate-100","GARAGE_NO_UNPACK(unmapped)",1,1,100.0,100.00,0.0,"UNGROUPED","PASS"
"#48808","2026-07-05","garage-delivery-no-unpacking-left-in-crate-100","GARAGE_NO_UNPACK(unmapped)",1,0,100.0,100.00,0.0,"grouped","REMOVED (edited out)"
"#48813","2026-07-05","garage-installation-299","GARAGE",1,1,299.0,299.00,0.0,"UNGROUPED","PASS"
"#48821","2026-07-06","full-assembly-installation-any-room-449","ANY_ROOM_ASSEMBLY(unmapped)",1,1,449.0,449.00,0.0,"UNGROUPED","PASS"
"#48823","2026-07-06","full-assembly-installation-any-room-599","ANY_ROOM_ASSEMBLY(unmapped)",1,1,599.0,599.00,0.0,"grouped","PASS"
"#48824","2026-07-06","full-assembly-installation-any-room-399","ANY_ROOM_ASSEMBLY(unmapped)",1,0,399.0,399.00,0.0,"UNGROUPED","REMOVED (edited out)"
"#48828","2026-07-06","full-assembly-installation-any-room-399","ANY_ROOM_ASSEMBLY(unmapped)",1,1,399.0,399.00,0.0,"UNGROUPED","PASS"
"#48829","2026-07-06","garage-delivery-no-unpacking-left-in-crate-100","GARAGE_NO_UNPACK(unmapped)",2,2,100.0,100.00,0.0,"UNGROUPED","PASS"
"#48830","2026-07-06","garage-delivery-no-unpacking-left-in-crate-100","GARAGE_NO_UNPACK(unmapped)",1,1,100.0,100.00,0.0,"UNGROUPED","PASS"
"#48839","2026-07-07","full-assembly-installation-any-room-449","ANY_ROOM_ASSEMBLY(unmapped)",1,1,449.0,449.00,22.45,"UNGROUPED","MANUAL REVIEW: discount on service line"
"#48847","2026-07-08","full-assembly-installation-any-room-549","ANY_ROOM_ASSEMBLY(unmapped)",1,1,549.0,549.00,0.0,"grouped","PASS"
"#48848","2026-07-08","full-assembly-installation-any-room-399","ANY_ROOM_ASSEMBLY(unmapped)",1,1,399.0,399.00,0.0,"grouped","PASS"
"#48849","2026-07-08","room-of-choice-ground-level-0-3-steps-349","ROC_0_3",1,1,349.0,349.00,0.0,"grouped","PASS"
"#48851","2026-07-08","garage-installation-349","GARAGE",1,0,349.0,349.00,0.0,"grouped","REMOVED (edited out)"
"#48851","2026-07-08","room-of-choice-ground-level-0-3-steps-449","ROC_0_3",1,1,449.0,449.00,0.0,"UNGROUPED","PASS"
"#48854","2026-07-08","room-of-choice-ground-level-0-3-steps-399","ROC_0_3",1,1,399.0,399.00,0.0,"UNGROUPED","PASS"
"#48854","2026-07-08","full-assembly-installation-any-room-250","ANY_ROOM_ASSEMBLY(unmapped)",1,1,250.0,250.00,0.0,"UNGROUPED","PASS"
"#48860","2026-07-09","room-of-choice-stair-carry-4-steps-449","ROC_4_PLUS",1,1,449.0,449.00,0.0,"grouped","PASS"
"#48868","2026-07-09","full-assembly-installation-any-room-599","ANY_ROOM_ASSEMBLY(unmapped)",1,1,599.0,599.00,299.5,"UNGROUPED","MANUAL REVIEW: discount on service line"
"#48869","2026-07-09","full-assembly-installation-any-room-250","ANY_ROOM_ASSEMBLY(unmapped)",1,1,250.0,250.00,0.0,"grouped","PASS"
"#48880","2026-07-10","room-of-choice-ground-level-0-3-steps-399","ROC_0_3",2,2,399.0,399.00,0.0,"UNGROUPED","PASS"
"#48881","2026-07-10","full-assembly-installation-any-room-549","ANY_ROOM_ASSEMBLY(unmapped)",1,1,549.0,549.00,0.0,"grouped","PASS"
"#48883","2026-07-11","room-of-choice-ground-level-0-3-steps-499","ROC_0_3",1,1,499.0,499.00,0.0,"UNGROUPED","PASS"
"#48884","2026-07-11","full-assembly-installation-any-room-449","ANY_ROOM_ASSEMBLY(unmapped)",1,1,449.0,449.00,0.0,"grouped","PASS"
"#48886","2026-07-11","room-of-choice-ground-level-0-3-steps-399","ROC_0_3",1,1,399.0,399.00,0.0,"UNGROUPED","PASS"
"#48893","2026-07-12","garage-delivery-no-unpacking-left-in-crate-100","GARAGE_NO_UNPACK(unmapped)",1,1,100.0,100.00,0.0,"grouped","PASS"
"#48897","2026-07-13","room-of-choice-stair-carry-4-steps-699","ROC_4_PLUS",1,1,699.0,699.00,0.0,"grouped","PASS"
"#48902","2026-07-13","garage-installation-349","GARAGE",1,0,349.0,349.00,0.0,"grouped","REMOVED (edited out)"
"#48902","2026-07-13","room-of-choice-ground-level-0-3-steps-499","ROC_0_3",1,1,499.0,499.00,0.0,"UNGROUPED","PASS"
"#48907","2026-07-13","room-of-choice-ground-level-0-3-steps-349","ROC_0_3",1,1,349.0,349.00,0.0,"grouped","PASS"
"#48909","2026-07-14","garage-delivery-no-unpacking-left-in-crate-100","GARAGE_NO_UNPACK(unmapped)",1,1,100.0,100.00,0.0,"grouped","PASS"
"#48920","2026-07-15","garage-delivery-no-unpacking-left-in-crate-100","GARAGE_NO_UNPACK(unmapped)",1,1,100.0,100.00,0.0,"UNGROUPED","PASS"
"#48928","2026-07-15","room-of-choice-stair-carry-4-steps-449","ROC_4_PLUS",1,1,449.0,449.00,0.0,"grouped","PASS"
"#48929","2026-07-15","garage-installation-349","GARAGE",1,1,349.0,349.00,0.0,"UNGROUPED","PASS"
"#48931","2026-07-15","full-assembly-installation-any-room-399","ANY_ROOM_ASSEMBLY(unmapped)",1,1,399.0,399.00,0.0,"UNGROUPED","PASS"
"#48933","2026-07-15","full-assembly-installation-any-room-250","ANY_ROOM_ASSEMBLY(unmapped)",1,1,250.0,250.00,0.0,"UNGROUPED","PASS"
"#48943","2026-07-16","room-of-choice-ground-level-0-3-steps-349","ROC_0_3",1,1,349.0,349.00,0.0,"grouped","PASS"
"#48954","2026-07-17","room-of-choice-stair-carry-4-steps-599","ROC_4_PLUS",1,1,599.0,599.00,0.0,"grouped","PASS"
"#48956","2026-07-17","room-of-choice-ground-level-0-3-steps-449","ROC_0_3",1,1,449.0,449.00,0.0,"grouped","PASS"
"#48958","2026-07-17","garage-delivery-no-unpacking-left-in-crate-100","GARAGE_NO_UNPACK(unmapped)",1,1,100.0,100.00,0.0,"UNGROUPED","PASS"
"#48959","2026-07-17","full-assembly-installation-any-room-299","ANY_ROOM_ASSEMBLY(unmapped)",1,1,299.0,299.00,0.0,"grouped","PASS"
"#48961","2026-07-17","full-assembly-installation-any-room-649","ANY_ROOM_ASSEMBLY(unmapped)",1,1,649.0,649.00,97.35,"UNGROUPED","MANUAL REVIEW: discount on service line"
"#48961","2026-07-17","full-assembly-installation-any-room-449","ANY_ROOM_ASSEMBLY(unmapped)",1,1,449.0,449.00,67.35,"UNGROUPED","MANUAL REVIEW: discount on service line"
"#48961","2026-07-17","full-assembly-installation-any-room-449","ANY_ROOM_ASSEMBLY(unmapped)",1,1,449.0,449.00,67.35,"UNGROUPED","MANUAL REVIEW: discount on service line"
"#48961","2026-07-17","full-assembly-installation-any-room-449","ANY_ROOM_ASSEMBLY(unmapped)",1,1,449.0,449.00,67.35,"UNGROUPED","MANUAL REVIEW: discount on service line"
"#48961","2026-07-17","full-assembly-installation-any-room-449","ANY_ROOM_ASSEMBLY(unmapped)",1,1,449.0,449.00,67.35,"UNGROUPED","MANUAL REVIEW: discount on service line"
"#48961","2026-07-17","full-assembly-installation-any-room-449","ANY_ROOM_ASSEMBLY(unmapped)",1,1,449.0,449.00,67.35,"UNGROUPED","MANUAL REVIEW: discount on service line"
"#48961","2026-07-17","full-assembly-installation-any-room-449","ANY_ROOM_ASSEMBLY(unmapped)",1,1,449.0,449.00,67.35,"UNGROUPED","MANUAL REVIEW: discount on service line"
"#48961","2026-07-17","full-assembly-installation-any-room-449","ANY_ROOM_ASSEMBLY(unmapped)",1,1,449.0,449.00,67.35,"UNGROUPED","MANUAL REVIEW: discount on service line"
"#48961","2026-07-17","full-assembly-installation-any-room-449","ANY_ROOM_ASSEMBLY(unmapped)",1,1,449.0,449.00,67.35,"UNGROUPED","MANUAL REVIEW: discount on service line"
"#48961","2026-07-17","full-assembly-installation-any-room-449","ANY_ROOM_ASSEMBLY(unmapped)",1,1,449.0,449.00,67.35,"UNGROUPED","MANUAL REVIEW: discount on service line"
"#48961","2026-07-17","full-assembly-installation-any-room-449","ANY_ROOM_ASSEMBLY(unmapped)",1,1,449.0,449.00,67.35,"UNGROUPED","MANUAL REVIEW: discount on service line"
"#48961","2026-07-17","full-assembly-installation-any-room-299","ANY_ROOM_ASSEMBLY(unmapped)",2,2,299.0,299.00,89.7,"UNGROUPED","MANUAL REVIEW: discount on service line"
"#48961","2026-07-17","full-assembly-installation-any-room-299","ANY_ROOM_ASSEMBLY(unmapped)",2,2,299.0,299.00,89.7,"UNGROUPED","MANUAL REVIEW: discount on service line"
"#48962","2026-07-17","full-assembly-installation-any-room-449","ANY_ROOM_ASSEMBLY(unmapped)",1,1,449.0,449.00,0.0,"grouped","PASS"
"#48965","2026-07-18","full-assembly-installation-any-room-449","ANY_ROOM_ASSEMBLY(unmapped)",1,1,449.0,449.00,0.0,"UNGROUPED","PASS"
"#48983","2026-07-20","room-of-choice-ground-level-0-3-steps-349","ROC_0_3",2,2,349.0,349.00,0.0,"UNGROUPED","PASS"
"#48983","2026-07-20","full-assembly-installation-any-room-449","ANY_ROOM_ASSEMBLY(unmapped)",1,1,449.0,449.00,0.0,"UNGROUPED","PASS"
"#48983","2026-07-20","room-of-choice-ground-level-0-3-steps-449","ROC_0_3",3,3,449.0,449.00,0.0,"UNGROUPED","PASS"
"#48983","2026-07-20","room-of-choice-ground-level-0-3-steps-399","ROC_0_3",2,2,399.0,399.00,0.0,"UNGROUPED","PASS"
"#48988","2026-07-20","full-assembly-installation-any-room-449","ANY_ROOM_ASSEMBLY(unmapped)",1,1,449.0,449.00,0.0,"grouped","PASS"
"#48990","2026-07-20","garage-delivery-no-unpacking-left-in-crate-100","GARAGE_NO_UNPACK(unmapped)",1,1,100.0,100.00,0.0,"UNGROUPED","PASS"
"#48993","2026-07-21","full-assembly-installation-any-room-250","ANY_ROOM_ASSEMBLY(unmapped)",1,1,250.0,250.00,0.0,"grouped","PASS"
"#48994","2026-07-21","garage-delivery-no-unpacking-left-in-crate-100","GARAGE_NO_UNPACK(unmapped)",1,1,100.0,100.00,0.0,"UNGROUPED","PASS"
"#48994","2026-07-21","garage-delivery-no-unpacking-left-in-crate-100","GARAGE_NO_UNPACK(unmapped)",1,1,100.0,100.00,0.0,"UNGROUPED","PASS"
"#49002","2026-07-21","room-of-choice-stair-carry-4-steps-499","ROC_4_PLUS",1,1,499.0,499.00,0.0,"UNGROUPED","PASS"
"#49002","2026-07-21","room-of-choice-stair-carry-4-steps-449","ROC_4_PLUS",1,1,449.0,449.00,0.0,"UNGROUPED","PASS"
"#49004","2026-07-21","full-assembly-installation-any-room-449","ANY_ROOM_ASSEMBLY(unmapped)",1,1,449.0,449.00,0.0,"grouped","PASS"
"#49007","2026-07-21","full-assembly-installation-any-room-250","ANY_ROOM_ASSEMBLY(unmapped)",1,0,250.0,250.00,0.0,"UNGROUPED","REMOVED (edited out)"
"#49013","2026-07-22","garage-installation-249","GARAGE",1,1,249.0,249.00,124.5,"UNGROUPED","MANUAL REVIEW: discount on service line"
"#49015","2026-07-22","room-of-choice-ground-level-0-3-steps-399","ROC_0_3",1,1,399.0,399.00,0.0,"UNGROUPED","PASS"
"#49016","2026-07-22","full-assembly-installation-any-room-449","ANY_ROOM_ASSEMBLY(unmapped)",1,1,449.0,449.00,0.0,"grouped","PASS"
"#49023","2026-07-23","garage-installation-249","GARAGE",1,1,249.0,249.00,0.0,"grouped","PASS"
"#49026","2026-07-23","garage-installation-249","GARAGE",1,0,249.0,249.00,0.0,"grouped","REMOVED (edited out)"
"#49035","2026-07-23","full-assembly-installation-any-room-449","ANY_ROOM_ASSEMBLY(unmapped)",1,1,449.0,449.00,0.0,"UNGROUPED","PASS"
"#49038","2026-07-24","garage-installation-249","GARAGE",1,1,249.0,249.00,0.0,"grouped","PASS"
"#49043","2026-07-25","garage-delivery-no-unpacking-left-in-crate-100","GARAGE_NO_UNPACK(unmapped)",1,0,100.0,100.00,0.0,"UNGROUPED","REMOVED (edited out)"
"#49046","2026-07-25","room-of-choice-ground-level-0-3-steps-449","ROC_0_3",1,0,449.0,449.00,0.0,"grouped","REMOVED (edited out)"
"#49046","2026-07-25","room-of-choice-ground-level-0-3-steps-399","ROC_0_3",1,1,399.0,399.00,0.0,"UNGROUPED","PASS"
"#49049","2026-07-25","room-of-choice-stair-carry-4-steps-449","ROC_4_PLUS",1,1,449.0,449.00,0.0,"grouped","PASS"
"#49056","2026-07-26","room-of-choice-ground-level-0-3-steps-449","ROC_0_3",1,1,449.0,449.00,0.0,"grouped","PASS"
"#49060","2026-07-27","full-assembly-installation-any-room-299","ANY_ROOM_ASSEMBLY(unmapped)",1,1,299.0,299.00,0.0,"UNGROUPED","PASS"
"#49060","2026-07-27","full-assembly-installation-any-room-349","ANY_ROOM_ASSEMBLY(unmapped)",1,1,349.0,349.00,0.0,"UNGROUPED","PASS"
"#49060","2026-07-27","full-assembly-installation-any-room-299","ANY_ROOM_ASSEMBLY(unmapped)",1,1,299.0,299.00,0.0,"UNGROUPED","PASS"
"#49060","2026-07-27","full-assembly-installation-any-room-299","ANY_ROOM_ASSEMBLY(unmapped)",1,1,299.0,299.00,0.0,"UNGROUPED","PASS"
"#49060","2026-07-27","full-assembly-installation-any-room-449","ANY_ROOM_ASSEMBLY(unmapped)",1,1,449.0,449.00,0.0,"UNGROUPED","PASS"
"#49060","2026-07-27","full-assembly-installation-any-room-699","ANY_ROOM_ASSEMBLY(unmapped)",1,1,699.0,699.00,0.0,"UNGROUPED","PASS"
"#49060","2026-07-27","full-assembly-installation-any-room-449","ANY_ROOM_ASSEMBLY(unmapped)",1,1,449.0,449.00,0.0,"UNGROUPED","PASS"
"#49060","2026-07-27","full-assembly-installation-any-room-299","ANY_ROOM_ASSEMBLY(unmapped)",1,1,299.0,299.00,0.0,"UNGROUPED","PASS"
"#49061","2026-07-27","garage-delivery-no-unpacking-left-in-crate-100","GARAGE_NO_UNPACK(unmapped)",1,1,100.0,100.00,0.0,"grouped","PASS"
"#49066","2026-07-28","full-assembly-installation-any-room-399","ANY_ROOM_ASSEMBLY(unmapped)",1,1,399.0,399.00,0.0,"UNGROUPED","PASS"
"#49067","2026-07-28","full-assembly-installation-any-room-399","ANY_ROOM_ASSEMBLY(unmapped)",1,1,399.0,399.00,0.0,"UNGROUPED","PASS"
"#49070","2026-07-28","room-of-choice-ground-level-0-3-steps-499","ROC_0_3",1,0,499.0,499.00,0.0,"grouped","REMOVED (edited out)"
"#49071","2026-07-28","garage-installation-299","GARAGE",1,1,299.0,299.00,0.0,"grouped","PASS"
"#49083","2026-07-29","room-of-choice-ground-level-0-3-steps-349","ROC_0_3",1,1,349.0,349.00,0.0,"grouped","PASS"
"#49090","2026-07-30","full-assembly-installation-any-room-299","ANY_ROOM_ASSEMBLY(unmapped)",1,1,299.0,299.00,0.0,"grouped","PASS"
"#49099","2026-07-30","full-assembly-installation-any-room-649","ANY_ROOM_ASSEMBLY(unmapped)",1,1,649.0,649.00,324.5,"UNGROUPED","MANUAL REVIEW: discount on service line"
"#49101","2026-07-30","full-assembly-installation-any-room-349","ANY_ROOM_ASSEMBLY(unmapped)",1,1,349.0,349.00,0.0,"grouped","PASS"
"#49106","2026-07-31","full-assembly-installation-any-room-250","ANY_ROOM_ASSEMBLY(unmapped)",1,1,250.0,250.00,0.0,"grouped","PASS"
"#49111","2026-08-01","garage-installation-499","GARAGE",1,1,499.0,499.00,0.0,"grouped","PASS"
"#49112","2026-08-01","full-assembly-installation-any-room-250","ANY_ROOM_ASSEMBLY(unmapped)",1,1,250.0,250.00,0.0,"UNGROUPED","PASS"
"#49118","2026-08-01","garage-delivery-no-unpacking-left-in-crate-100","GARAGE_NO_UNPACK(unmapped)",1,1,100.0,100.00,0.0,"UNGROUPED","PASS"
"#49124","2026-08-02","room-of-choice-ground-level-0-3-steps-499","ROC_0_3",1,1,499.0,499.00,0.0,"grouped","PASS"
"#49126","2026-08-02","garage-installation-299","GARAGE",1,1,299.0,299.00,0.0,"grouped","PASS"
"#49128","2026-08-02","garage-installation-349","GARAGE",1,1,349.0,349.00,0.0,"grouped","PASS"
"#49135","2026-08-03","full-assembly-installation-any-room-399","ANY_ROOM_ASSEMBLY(unmapped)",1,1,399.0,399.00,0.0,"grouped","PASS"
"#49138","2026-08-03","full-assembly-installation-any-room-449","ANY_ROOM_ASSEMBLY(unmapped)",1,1,449.0,449.00,0.0,"grouped","PASS"
"#49139","2026-08-03","garage-delivery-no-unpacking-left-in-crate-100","GARAGE_NO_UNPACK(unmapped)",1,1,100.0,100.00,0.0,"UNGROUPED","PASS"
"#49140","2026-08-03","full-assembly-installation-any-room-449","ANY_ROOM_ASSEMBLY(unmapped)",1,1,449.0,449.00,224.5,"UNGROUPED","MANUAL REVIEW: discount on service line"
"#49140","2026-08-03","full-assembly-installation-any-room-449","ANY_ROOM_ASSEMBLY(unmapped)",1,1,449.0,449.00,224.5,"UNGROUPED","MANUAL REVIEW: discount on service line"
"#49142","2026-08-03","room-of-choice-ground-level-0-3-steps-449","ROC_0_3",1,1,449.0,449.00,0.0,"grouped","PASS"
"#49149","2026-08-04","room-of-choice-ground-level-0-3-steps-349","ROC_0_3",1,1,349.0,349.00,0.0,"UNGROUPED","PASS"
"#49153","2026-08-05","garage-installation-249","GARAGE",1,1,249.0,249.00,0.0,"UNGROUPED","PASS"
"#49156","2026-08-05","full-assembly-installation-any-room-449","ANY_ROOM_ASSEMBLY(unmapped)",1,1,449.0,449.00,0.0,"grouped","PASS"
"#49167","2026-08-06","full-assembly-installation-any-room-250","ANY_ROOM_ASSEMBLY(unmapped)",1,1,250.0,250.00,0.0,"UNGROUPED","PASS"
"#49168","2026-08-06","full-assembly-installation-any-room-250","ANY_ROOM_ASSEMBLY(unmapped)",1,1,250.0,250.00,0.0,"UNGROUPED","PASS"
"#49169","2026-08-06","room-of-choice-stair-carry-4-steps-599","ROC_4_PLUS",1,1,599.0,599.00,0.0,"UNGROUPED","PASS"
"#49170","2026-08-06","full-assembly-installation-any-room-250","ANY_ROOM_ASSEMBLY(unmapped)",1,1,250.0,250.00,0.0,"grouped","PASS"
"#49180","2026-08-07","full-assembly-installation-any-room-649","ANY_ROOM_ASSEMBLY(unmapped)",1,1,649.0,649.00,324.5,"UNGROUPED","MANUAL REVIEW: discount on service line"
"#49180","2026-08-07","full-assembly-installation-any-room-299","ANY_ROOM_ASSEMBLY(unmapped)",1,1,299.0,299.00,149.5,"UNGROUPED","MANUAL REVIEW: discount on service line"
"#49187","2026-08-08","room-of-choice-stair-carry-4-steps-549","ROC_4_PLUS",1,1,549.0,549.00,0.0,"grouped","PASS"
"#49189","2026-08-08","full-assembly-installation-any-room-399","ANY_ROOM_ASSEMBLY(unmapped)",1,1,399.0,399.00,0.0,"grouped","PASS"
"#49195","2026-08-09","room-of-choice-ground-level-0-3-steps-399","ROC_0_3",1,1,399.0,399.00,0.0,"grouped","PASS"
"#49199","2026-08-10","room-of-choice-ground-level-0-3-steps-349","ROC_0_3",1,1,349.0,349.00,0.0,"UNGROUPED","PASS"
"#49205","2026-08-10","full-assembly-installation-any-room-399","ANY_ROOM_ASSEMBLY(unmapped)",1,1,399.0,399.00,0.0,"UNGROUPED","PASS"
"#49207","2026-08-10","room-of-choice-stair-carry-4-steps-599","ROC_4_PLUS",1,1,599.0,599.00,0.0,"UNGROUPED","PASS"
"#49209","2026-08-11","room-of-choice-ground-level-0-3-steps-349","ROC_0_3",1,1,349.0,349.00,0.0,"grouped","PASS"
"#49222","2026-08-12","room-of-choice-stair-carry-4-steps-599","ROC_4_PLUS",1,1,599.0,599.00,0.0,"grouped","PASS"
"#49227","2026-08-13","garage-delivery-no-unpacking-left-in-crate-100","GARAGE_NO_UNPACK(unmapped)",1,1,100.0,100.00,0.0,"grouped","PASS"
"#49229","2026-08-13","room-of-choice-ground-level-0-3-steps-349","ROC_0_3",1,1,349.0,349.00,0.0,"grouped","PASS"
"#49242","2026-08-15","full-assembly-installation-any-room-250","ANY_ROOM_ASSEMBLY(unmapped)",1,1,250.0,250.00,0.0,"grouped","PASS"
"#49247","2026-08-15","room-of-choice-stair-carry-4-steps-599","ROC_4_PLUS",1,1,599.0,599.00,0.0,"grouped","PASS"
"#49249","2026-08-15","garage-installation-249","GARAGE",1,1,249.0,249.00,17.43,"UNGROUPED","MANUAL REVIEW: discount on service line"
"#49249","2026-08-15","garage-installation-349","GARAGE",1,1,349.0,349.00,24.43,"UNGROUPED","MANUAL REVIEW: discount on service line"
"#49250","2026-08-15","garage-installation-299","GARAGE",1,1,299.0,299.00,0.0,"grouped","PASS"
"#49253","2026-08-16","full-assembly-installation-any-room-399","ANY_ROOM_ASSEMBLY(unmapped)",1,1,399.0,399.00,0.0,"grouped","PASS"
"#49255","2026-08-17","garage-installation-399","GARAGE",1,1,399.0,399.00,0.0,"grouped","PASS"
"#49258","2026-08-17","full-assembly-installation-any-room-649","ANY_ROOM_ASSEMBLY(unmapped)",1,1,649.0,649.00,0.0,"grouped","PASS"
"#49259","2026-08-17","garage-installation-299","GARAGE",1,1,299.0,299.00,0.0,"grouped","PASS"
"#49260","2026-08-17","room-of-choice-ground-level-0-3-steps-399","ROC_0_3",1,0,399.0,399.00,0.0,"UNGROUPED","REMOVED (edited out)"
"#49260","2026-08-17","room-of-choice-ground-level-0-3-steps-349","ROC_0_3",1,1,349.0,349.00,0.0,"UNGROUPED","PASS"
"#49261","2026-08-17","garage-installation-399","GARAGE",1,1,399.0,399.00,0.0,"UNGROUPED","PASS"
"#49263","2026-08-18","full-assembly-installation-any-room-649","ANY_ROOM_ASSEMBLY(unmapped)",1,1,649.0,649.00,0.0,"UNGROUPED","PASS"
"#49271","2026-08-18","full-assembly-installation-any-room-449","ANY_ROOM_ASSEMBLY(unmapped)",1,1,449.0,449.00,0.0,"UNGROUPED","PASS"
"#49274","2026-08-19","room-of-choice-ground-level-0-3-steps-449","ROC_0_3",1,1,449.0,449.00,0.0,"grouped","PASS"
"#49278","2026-08-19","full-assembly-installation-any-room-549","ANY_ROOM_ASSEMBLY(unmapped)",1,1,549.0,549.00,0.0,"UNGROUPED","PASS"
"#49285","2026-08-20","room-of-choice-stair-carry-4-steps-549","ROC_4_PLUS",1,1,549.0,549.00,0.0,"UNGROUPED","PASS"
"#49288","2026-08-20","room-of-choice-ground-level-0-3-steps-499","ROC_0_3",1,1,499.0,499.00,174.65,"UNGROUPED","MANUAL REVIEW: discount on service line"
"#49290","2026-08-20","room-of-choice-ground-level-0-3-steps-449","ROC_0_3",1,1,449.0,449.00,0.0,"UNGROUPED","PASS"
"#49291","2026-08-20","garage-delivery-no-unpacking-left-in-crate-100","GARAGE_NO_UNPACK(unmapped)",1,1,100.0,100.00,0.0,"grouped","PASS"
"#49297","2026-08-21","room-of-choice-ground-level-0-3-steps-449","ROC_0_3",1,1,449.0,449.00,0.0,"grouped","PASS"
"#49297","2026-08-21","room-of-choice-ground-level-0-3-steps-349","ROC_0_3",1,1,349.0,349.00,0.0,"grouped","PASS"
"#49300","2026-08-21","room-of-choice-stair-carry-4-steps-699","ROC_4_PLUS",2,2,699.0,699.00,0.0,"UNGROUPED","PASS"
"#49308","2026-08-22","full-assembly-installation-any-room-399","ANY_ROOM_ASSEMBLY(unmapped)",1,1,399.0,399.00,0.0,"grouped","PASS"
"#49313","2026-08-23","garage-delivery-no-unpacking-left-in-crate-100","GARAGE_NO_UNPACK(unmapped)",1,1,100.0,100.00,0.0,"grouped","PASS"
"#49315","2026-08-23","garage-installation-349","GARAGE",1,1,349.0,349.00,0.0,"grouped","PASS"
"#49317","2026-08-24","room-of-choice-ground-level-0-3-steps-499","ROC_0_3",1,1,499.0,499.00,0.0,"grouped","PASS"
"#49318","2026-08-24","garage-delivery-no-unpacking-left-in-crate-100","GARAGE_NO_UNPACK(unmapped)",1,1,100.0,100.00,0.0,"UNGROUPED","PASS"
"#49321","2026-08-24","full-assembly-installation-any-room-499","ANY_ROOM_ASSEMBLY(unmapped)",1,1,499.0,499.00,0.0,"UNGROUPED","PASS"
"#49321","2026-08-24","full-assembly-installation-any-room-399","ANY_ROOM_ASSEMBLY(unmapped)",1,1,399.0,399.00,0.0,"UNGROUPED","PASS"
"#49332","2026-08-25","garage-delivery-no-unpacking-left-in-crate-100","GARAGE_NO_UNPACK(unmapped)",1,1,100.0,100.00,0.0,"UNGROUPED","PASS"
"#49332","2026-08-25","room-of-choice-ground-level-0-3-steps-499","ROC_0_3",1,1,499.0,499.00,0.0,"UNGROUPED","PASS"
"#49337","2026-08-26","room-of-choice-ground-level-0-3-steps-449","ROC_0_3",2,2,449.0,449.00,0.0,"UNGROUPED","PASS"
"#49338","2026-08-26","full-assembly-installation-any-room-399","ANY_ROOM_ASSEMBLY(unmapped)",1,1,399.0,399.00,0.0,"UNGROUPED","PASS"
"#49338","2026-08-26","full-assembly-installation-any-room-299","ANY_ROOM_ASSEMBLY(unmapped)",1,1,299.0,299.00,0.0,"UNGROUPED","PASS"
"#49351","2026-08-27","garage-installation-449","GARAGE",1,1,449.0,449.00,0.0,"grouped","PASS"
"#49357","2026-08-28","room-of-choice-ground-level-0-3-steps-349","ROC_0_3",1,1,349.0,349.00,0.0,"grouped","PASS"
"#49362","2026-08-30","garage-installation-249","GARAGE",1,1,249.0,249.00,0.0,"grouped","PASS"
"#49367","2026-08-31","full-assembly-installation-any-room-399","ANY_ROOM_ASSEMBLY(unmapped)",1,1,399.0,399.00,0.0,"grouped","PASS"
"#49375","2026-09-01","full-assembly-installation-any-room-399","ANY_ROOM_ASSEMBLY(unmapped)",1,1,399.0,399.00,0.0,"grouped","PASS"
"#49377","2026-09-01","room-of-choice-ground-level-0-3-steps-349","ROC_0_3",1,1,349.0,349.00,0.0,"grouped","PASS"
"#49379","2026-09-01","room-of-choice-ground-level-0-3-steps-499","ROC_0_3",1,1,499.0,499.00,0.0,"UNGROUPED","PASS"
"#49379","2026-09-01","full-assembly-installation-any-room-299","ANY_ROOM_ASSEMBLY(unmapped)",1,1,299.0,299.00,0.0,"UNGROUPED","PASS"
"#49388","2026-09-01","full-assembly-installation-any-room-399","ANY_ROOM_ASSEMBLY(unmapped)",1,1,399.0,399.00,0.0,"grouped","PASS"
"#49389","2026-09-02","room-of-choice-ground-level-0-3-steps-399","ROC_0_3",1,1,399.0,399.00,19.95,"UNGROUPED","MANUAL REVIEW: discount on service line"
"#49394","2026-09-02","full-assembly-installation-any-room-399","ANY_ROOM_ASSEMBLY(unmapped)",1,1,399.0,399.00,0.0,"UNGROUPED","PASS"
"#49398","2026-09-02","room-of-choice-ground-level-0-3-steps-449","ROC_0_3",1,1,449.0,449.00,0.0,"UNGROUPED","PASS"
"#49399","2026-09-02","room-of-choice-ground-level-0-3-steps-349","ROC_0_3",1,1,349.0,349.00,0.0,"UNGROUPED","PASS"
"#49402","2026-09-03","garage-delivery-no-unpacking-left-in-crate-100","GARAGE_NO_UNPACK(unmapped)",1,1,100.0,100.00,0.0,"UNGROUPED","PASS"
"#49404","2026-09-03","room-of-choice-stair-carry-4-steps-599","ROC_4_PLUS",1,1,599.0,599.00,200.0,"UNGROUPED","MANUAL REVIEW: discount on service line"
"#49408","2026-09-04","garage-delivery-no-unpacking-left-in-crate-100","GARAGE_NO_UNPACK(unmapped)",1,1,100.0,100.00,10.0,"grouped","MANUAL REVIEW: discount on service line"
"#49416","2026-09-04","garage-delivery-no-unpacking-left-in-crate-100","GARAGE_NO_UNPACK(unmapped)",1,1,100.0,100.00,10.0,"grouped","MANUAL REVIEW: discount on service line"
"#49417","2026-09-05","room-of-choice-ground-level-0-3-steps-499","ROC_0_3",1,1,499.0,499.00,49.9,"grouped","MANUAL REVIEW: discount on service line"
"#49417","2026-09-05","room-of-choice-ground-level-0-3-steps-499","ROC_0_3",2,2,499.0,499.00,99.8,"grouped","MANUAL REVIEW: discount on service line"
"#49417","2026-09-05","room-of-choice-ground-level-0-3-steps-499","ROC_0_3",1,1,499.0,499.00,49.9,"grouped","MANUAL REVIEW: discount on service line"
"#49417","2026-09-05","room-of-choice-ground-level-0-3-steps-499","ROC_0_3",1,1,499.0,499.00,49.9,"grouped","MANUAL REVIEW: discount on service line"
"#49417","2026-09-05","room-of-choice-ground-level-0-3-steps-499","ROC_0_3",1,1,499.0,499.00,49.9,"grouped","MANUAL REVIEW: discount on service line"
"#49417","2026-09-05","room-of-choice-ground-level-0-3-steps-499","ROC_0_3",1,1,499.0,499.00,49.9,"grouped","MANUAL REVIEW: discount on service line"
"#49417","2026-09-05","room-of-choice-ground-level-0-3-steps-499","ROC_0_3",1,1,499.0,499.00,49.9,"grouped","MANUAL REVIEW: discount on service line"
"#49425","2026-09-05","room-of-choice-ground-level-0-3-steps-399","ROC_0_3",1,1,399.0,399.00,19.95,"grouped","MANUAL REVIEW: discount on service line"
"#49426","2026-09-05","room-of-choice-stair-carry-4-steps-449","ROC_4_PLUS",1,1,449.0,449.00,22.45,"grouped","MANUAL REVIEW: discount on service line"
"#49431","2026-09-06","room-of-choice-stair-carry-4-steps-549","ROC_4_PLUS",1,1,549.0,549.00,0.0,"grouped","PASS"
"#49445","2026-09-07","garage-installation-449","GARAGE",1,1,449.0,449.00,44.9,"UNGROUPED","MANUAL REVIEW: discount on service line"
"#49445","2026-09-07","garage-installation-449","GARAGE",1,1,449.0,449.00,44.9,"UNGROUPED","MANUAL REVIEW: discount on service line"
"#49445","2026-09-07","garage-installation-449","GARAGE",1,1,449.0,449.00,44.9,"UNGROUPED","MANUAL REVIEW: discount on service line"
"#49445","2026-09-07","garage-installation-449","GARAGE",1,1,449.0,449.00,44.9,"UNGROUPED","MANUAL REVIEW: discount on service line"
"#49447","2026-09-07","garage-installation-399","GARAGE",1,1,399.0,399.00,39.9,"grouped","MANUAL REVIEW: discount on service line"
"#49450","2026-09-08","garage-delivery-no-unpacking-left-in-crate-100","GARAGE_NO_UNPACK(unmapped)",1,1,100.0,100.00,0.0,"grouped","PASS"
"#49459","2026-09-08","full-assembly-installation-any-room-250","ANY_ROOM_ASSEMBLY(unmapped)",1,0,250.0,250.00,0.0,"UNGROUPED","REMOVED (edited out)"
"#49462","2026-09-08","full-assembly-installation-any-room-399","ANY_ROOM_ASSEMBLY(unmapped)",1,1,399.0,399.00,0.0,"UNGROUPED","PASS"
"#49465","2026-09-08","room-of-choice-stair-carry-4-steps-699","ROC_4_PLUS",1,1,699.0,699.00,34.95,"grouped","MANUAL REVIEW: discount on service line"
"#49473","2026-09-09","full-assembly-installation-any-room-250","ANY_ROOM_ASSEMBLY(unmapped)",1,1,250.0,250.00,0.0,"grouped","PASS"
"#49480","2026-09-09","room-of-choice-ground-level-0-3-steps-399","ROC_0_3",1,1,399.0,399.00,0.0,"grouped","PASS"
"#49503","2026-09-11","room-of-choice-ground-level-0-3-steps-999","ROC_0_3",1,1,999.0,999.00,0.0,"UNGROUPED","PASS"
"#49507","2026-09-11","full-assembly-installation-any-room-449","ANY_ROOM_ASSEMBLY(unmapped)",1,1,449.0,449.00,0.0,"UNGROUPED","PASS"
"#49507","2026-09-11","full-assembly-installation-any-room-449","ANY_ROOM_ASSEMBLY(unmapped)",1,1,449.0,449.00,0.0,"UNGROUPED","PASS"
"#49512","2026-09-13","garage-installation-349","GARAGE",1,0,349.0,349.00,0.0,"grouped","REMOVED (edited out)"
"#49512","2026-09-13","room-of-choice-ground-level-0-3-steps-449","ROC_0_3",1,1,449.0,449.00,0.0,"UNGROUPED","PASS"
"#49517","2026-09-14","garage-installation-249","GARAGE",1,1,249.0,249.00,0.0,"UNGROUPED","PASS"
"#49517","2026-09-14","full-assembly-installation-any-room-299","ANY_ROOM_ASSEMBLY(unmapped)",1,1,299.0,299.00,0.0,"UNGROUPED","PASS"
"#49518","2026-09-14","garage-installation-299","GARAGE",1,1,299.0,299.00,0.0,"grouped","PASS"
"#49520","2026-09-15","room-of-choice-ground-level-0-3-steps-549","ROC_0_3",1,1,549.0,549.00,0.0,"grouped","PASS"
"#49525","2026-09-15","room-of-choice-ground-level-0-3-steps-449","ROC_0_3",1,1,449.0,449.00,22.45,"UNGROUPED","MANUAL REVIEW: discount on service line"
"#49525","2026-09-15","room-of-choice-ground-level-0-3-steps-399","ROC_0_3",1,1,399.0,399.00,19.95,"UNGROUPED","MANUAL REVIEW: discount on service line"
"#49525","2026-09-15","full-assembly-installation-any-room-250","ANY_ROOM_ASSEMBLY(unmapped)",1,1,250.0,250.00,12.5,"UNGROUPED","MANUAL REVIEW: discount on service line"
"#49529","2026-09-15","full-assembly-installation-any-room-399","ANY_ROOM_ASSEMBLY(unmapped)",1,1,399.0,399.00,0.0,"grouped","PASS"
"#49534","2026-09-16","full-assembly-installation-any-room-649","ANY_ROOM_ASSEMBLY(unmapped)",1,1,649.0,649.00,227.15,"UNGROUPED","MANUAL REVIEW: discount on service line"
"#49536","2026-09-16","room-of-choice-ground-level-0-3-steps-399","ROC_0_3",3,3,399.0,399.00,0.0,"UNGROUPED","PASS"
"#49536","2026-09-16","room-of-choice-ground-level-0-3-steps-399","ROC_0_3",2,2,399.0,399.00,0.0,"UNGROUPED","PASS"
"#49536","2026-09-16","full-assembly-installation-any-room-399","ANY_ROOM_ASSEMBLY(unmapped)",1,1,399.0,399.00,0.0,"UNGROUPED","PASS"
"#49536","2026-09-16","full-assembly-installation-any-room-349","ANY_ROOM_ASSEMBLY(unmapped)",2,2,349.0,349.00,0.0,"UNGROUPED","PASS"
"#49536","2026-09-16","full-assembly-installation-any-room-299","ANY_ROOM_ASSEMBLY(unmapped)",2,2,299.0,299.00,0.0,"UNGROUPED","PASS"
"#49536","2026-09-16","full-assembly-installation-any-room-299","ANY_ROOM_ASSEMBLY(unmapped)",1,1,299.0,299.00,0.0,"UNGROUPED","PASS"
"#49536","2026-09-16","assembly-any-room-2-step-process-199","OTHER(unmapped)",1,1,199.0,199.00,0.0,"UNGROUPED","PASS"
"#49536","2026-09-16","full-assembly-installation-any-room-399","ANY_ROOM_ASSEMBLY(unmapped)",1,1,399.0,399.00,0.0,"UNGROUPED","PASS"
"#49536","2026-09-16","full-assembly-installation-any-room-649","ANY_ROOM_ASSEMBLY(unmapped)",1,1,649.0,649.00,0.0,"UNGROUPED","PASS"
"#49536","2026-09-16","room-of-choice-ground-level-0-3-steps-499","ROC_0_3",1,1,499.0,499.00,0.0,"UNGROUPED","PASS"
"#49536","2026-09-16","room-of-choice-ground-level-0-3-steps-499","ROC_0_3",1,1,499.0,499.00,0.0,"UNGROUPED","PASS"
"#49551","2026-09-17","full-assembly-installation-any-room-249","ANY_ROOM_ASSEMBLY(unmapped)",1,1,249.0,249.00,0.0,"UNGROUPED","PASS"
"#49555","2026-09-18","room-of-choice-stair-carry-4-steps-549","ROC_4_PLUS",1,1,549.0,549.00,0.0,"UNGROUPED","PASS"
"#49557","2026-09-18","room-of-choice-ground-level-0-3-steps-499","ROC_0_3",1,1,499.0,499.00,0.0,"grouped","PASS"
"#49559","2026-09-18","garage-installation-499","GARAGE",1,1,499.0,499.00,0.0,"UNGROUPED","PASS"
"#49560","2026-09-18","assembly-2-step-process-299","OTHER(unmapped)",1,1,299.0,299.00,0.0,"UNGROUPED","PASS"
"#49560","2026-09-18","full-assembly-installation-any-room-299","ANY_ROOM_ASSEMBLY(unmapped)",1,1,299.0,299.00,0.0,"UNGROUPED","PASS"
"#49560","2026-09-18","full-assembly-installation-any-room-449","ANY_ROOM_ASSEMBLY(unmapped)",1,1,449.0,449.00,0.0,"UNGROUPED","PASS"
"#49560","2026-09-18","full-assembly-installation-any-room-249","ANY_ROOM_ASSEMBLY(unmapped)",1,1,249.0,249.00,0.0,"UNGROUPED","PASS"
"#49560","2026-09-18","garage-delivery-no-unpacking-left-in-crate-100","GARAGE_NO_UNPACK(unmapped)",1,1,100.0,100.00,0.0,"UNGROUPED","PASS"
"#49560","2026-09-18","full-assembly-installation-any-room-299","ANY_ROOM_ASSEMBLY(unmapped)",1,1,299.0,299.00,0.0,"UNGROUPED","PASS"
"#49560","2026-09-18","room-of-choice-ground-level-0-3-steps-499","ROC_0_3",1,1,499.0,499.00,0.0,"UNGROUPED","PASS"
"#49560","2026-09-18","room-of-choice-ground-level-0-3-steps-499","ROC_0_3",1,1,499.0,499.00,0.0,"UNGROUPED","PASS"
"#49560","2026-09-18","room-of-choice-ground-level-0-3-steps-499","ROC_0_3",1,1,499.0,499.00,0.0,"UNGROUPED","PASS"
"#49560","2026-09-18","room-of-choice-ground-level-0-3-steps-499","ROC_0_3",1,1,499.0,499.00,0.0,"UNGROUPED","PASS"
"#49561","2026-09-19","garage-delivery-no-unpacking-left-in-crate-100","GARAGE_NO_UNPACK(unmapped)",1,0,100.0,100.00,0.0,"grouped","REMOVED (edited out)"
"#49562","2026-09-19","garage-installation-449","GARAGE",1,1,449.0,449.00,0.0,"grouped","PASS"
"#49565","2026-09-19","room-of-choice-stair-carry-4-steps-499","ROC_4_PLUS",1,1,499.0,499.00,0.0,"grouped","PASS"
"#49591","2026-09-22","room-of-choice-ground-level-0-3-steps-499","ROC_0_3",1,1,499.0,499.00,0.0,"UNGROUPED","PASS"
"#49598","2026-09-23","full-assembly-installation-any-room-299","ANY_ROOM_ASSEMBLY(unmapped)",2,2,299.0,299.00,89.7,"UNGROUPED","MANUAL REVIEW: discount on service line"
"#49598","2026-09-23","room-of-choice-stair-carry-4-steps-549","ROC_4_PLUS",2,2,549.0,549.00,164.7,"UNGROUPED","MANUAL REVIEW: discount on service line"
"#49598","2026-09-23","full-assembly-installation-any-room-449","ANY_ROOM_ASSEMBLY(unmapped)",1,1,449.0,449.00,67.35,"UNGROUPED","MANUAL REVIEW: discount on service line"
"#49601","2026-09-23","garage-delivery-no-unpacking-left-in-crate-100","GARAGE_NO_UNPACK(unmapped)",2,2,100.0,100.00,0.0,"UNGROUPED","PASS"
"#49607","2026-09-23","room-of-choice-ground-level-0-3-steps-449","ROC_0_3",2,2,449.0,449.00,0.0,"UNGROUPED","PASS"
"#49608","2026-09-23","full-assembly-installation-any-room-399","ANY_ROOM_ASSEMBLY(unmapped)",1,1,399.0,399.00,0.0,"grouped","PASS"
"#49612","2026-09-23","garage-delivery-no-unpacking-left-in-crate-100","GARAGE_NO_UNPACK(unmapped)",1,1,100.0,100.00,0.0,"grouped","PASS"
