id,custom_label_3,custom_label_4
FF-VKB70,p4_tail,
FF-MIC30T,p4_tail,
FF-VKB65,p4_tail,
FF-SE420T,p4_tail,
FF-SE400,p4_tail,
FF-RR-SRP,p4_tail,
FF-RR-RMCC-LSFR,p4_tail,Rack & Rig Series
FF-RR-RMCC,p4_tail,Rack & Rig Series
FF-RR-DBR-71-V2,p4_tail,
FF-RR-DBR-43-V2,p4_tail,
FF-RR-CC,p4_tail,Rack & Rig Series
FF-RIG23,p4_tail,
FF-RIG22,p4_tail,Rack & Rig Series
FFC-56OHB,p2_core,
FFC-47OCB,p4_tail,
FFB-WPB-20-24-30,p4_tail,
FFB-UB,p3_catalog,
FFB-SS-VS,p4_tail,FFB Black Series
FFB-SS-AC,p4_tail,FFB Black Series
FFB-TPSD,p4_tail,FFB Black Series
FFB-TB16,p2_core,
FF-HBPSR,p4_tail,
FF-GT10,p4_tail,
FFB-SM200,p1_hero,SM200 Series
FFB-SLP,p4_tail,FFB Black Series
FF-GT10S,p4_tail,
FFB-SLC,p4_tail,FFB Black Series
FF-GHRSR,p4_tail,
FFB-PVKR,p3_catalog,FFB Black Series
FF-GHD30,p4_tail,
FFB-PSLP,p2_core,FFB Black Series
FF-GHD20,p4_tail,
FFB-PR,p2_core,FFB Black Series
FFB-PPF,p4_tail,FFB Black Series
FFB-PLSVS,p1_hero,FFB Black Series
FFB-PLSCR,p3_catalog,FFB Black Series
FFB-OSR,p3_catalog,FFB Black Series
FFB-OMB,p4_tail,FFB Black Series
FFB-OIB,p4_tail,
FF-FWH,p4_tail,
FFB-OFBWH,p3_catalog,FFB Black Series
FFB-OFB,p4_tail,
FFB-ODB-BLACK,p4_tail,FFB Black Series
FFB-LHS,p2_core,FFB Black Series
FFB-LHBP,p3_catalog,FFB Black Series
FFB-MAB,p2_core,
FFB-LSC,p4_tail,
FFB-HBCC-VKR,p1_hero,FFB Black Series
FFB-GM,p4_tail,FFB Black Series
FFB-ESM,p4_tail,FFB Black Series
FFB-DS-TE,p4_tail,FFB Black Series
FF-FT500,p1_hero,
FFB-DS-SP,p4_tail,FFB Black Series
FF-FT300,p4_tail,
FFB-DS-LR,p4_tail,FFB Black Series
FF-FSVDR,p3_catalog,
FFB-DS-IP,p4_tail,FFB Black Series
FFB-DS-HR,p4_tail,FFB Black Series
FFB-DS-FLPD,p4_tail,FFB Black Series
FFB-DS-DP,p4_tail,FFB Black Series
FFB-DS-CP,p4_tail,FFB Black Series
FFB-DS-BAC,p4_tail,FFB Black Series
FF-FSR80,p4_tail,FSR Series
FFB-DFIB,p4_tail,
FF-FSR70,p1_hero,FSR Series
FFB-DAP,p1_hero,FFB Black Series
FFB-CC,p4_tail,FFB Black Series
FFB-AET50,p4_tail,FFB Black Series
FFB-ACC,p1_hero,FFB Black Series
FFB-ACB,p4_tail,FFB Black Series
FFB-AADB,p2_core,
FF-FSR60,p4_tail,FSR Series
FFB-8SMJG,p1_hero,FFB Black Series
FFB-86OB,p3_catalog,
FFB-5SMJG,p1_hero,FFB Black Series
FFB-72OB,p4_tail,
FF-FSR50-AB,p4_tail,
FFB-45DLLP,p1_hero,FFB Black Series
FFB-45DHBE,p2_core,FFB Black Series
FF-FSR50,p2_core,FSR Series
FFB-360XL,p2_core,FFB Black Series
FFA-SDCA,p2_core,
FFA-PLPPS,p3_catalog,
FF-FSR20-PL,p4_tail,FSR Series
FFA-DCC,p4_tail,
FFA-CFDI,p4_tail,
FF-XT8,p4_tail,
FF-FSR100-ABD,p4_tail,
FF-FSR100-CB,p3_catalog,FSR Series
FF-X8XL-BLACK,p4_tail,
FF-X8XL,p4_tail,
FF-FL70,p3_catalog,
FF-FL30,p4_tail,
FF-FL3,p4_tail,
FF-FL20,p4_tail,
FF-FL100,p4_tail,
FF-X8-BLACK,p4_tail,
FF-FIB,p4_tail,
FF-FGHD,p3_catalog,
FF-FCPRC-BLK,p4_tail,
FF-FCPRC,p4_tail,
FF-FB40,p3_catalog,
FF-FB20,p4_tail,
FF-X8,p4_tail,
FF-FB10,p4_tail,
FF-EZCURLBB95,p4_tail,
FF-EZCURLBB90,p4_tail,
FF-EZCURLBB65,p4_tail,
FF-EZCURLBB85,p4_tail,
FF-EZCURLBB80,p4_tail,
FF-X7LP,p4_tail,
FF-EZCURLBB75,p4_tail,
FF-EZCURLBB70,p4_tail,
FF-EZCURLBB60,p4_tail,
FF-EZCURLBB55,p4_tail,
FF-EZCURLBB50,p4_tail,
FF-EZCURLBB45,p4_tail,
FF-EZCURLBB40,p4_tail,
FF-EZCURLBB25-115,p4_tail,
FF-EZCURLBB125,p4_tail,
FF-X4-Black,p3_catalog,
FF-EZCURLBB120,p4_tail,
FF-EZCURLBB115,p4_tail,
FF-EZCURLBB110,p4_tail,
FF-EZCURLBB105,p4_tail,
FF-X20,p2_core,
FF-EZCURLBB100,p4_tail,
FF-X4,p4_tail,
FF-EZCURLBB-25-65,p4_tail,
FF-EZCURLBB-20-60,p3_catalog,
FF-EZCURLBB,p1_hero,
FF-EBR9,p4_tail,
FF-E500,p3_catalog,
FF-X2-Black,p4_tail,
FF-X2,p4_tail,
FF-DPWMCC,p4_tail,Wall Mounted Cable Column Series
FF-X10,p2_core,
FF-WPSB80,p4_tail,
FF-WPSB70,p4_tail,
FF-WR80,p4_tail,
FF-WR40,p4_tail,
FF-DHR80,p2_core,
FF-WPSB60,p4_tail,
FF-WPSB50,p4_tail,
FF-WPSB460,p4_tail,
FF-WPSB40,p4_tail,
FF-WPSB30,p4_tail,
FF-WPSB20,p4_tail,
FF-WPSB100,p4_tail,
FF-WPSB10,p4_tail,
FF-WMSBPBB,p4_tail,
ff-dgmb-s10-625,p4_tail,
ff-dgmb-s10-430,p3_catalog,
FF-DFIB-FSR,p4_tail,
FF-DBJ10,p4_tail,
FF-WMR10,p4_tail,
FF-WMPUB10,p4_tail,
FF-DAP50,p2_core,
FF-CUBP-C55,p4_tail,
FF-CUBP-C45,p3_catalog,
FF-CUBP-C350,p4_tail,
FF-CUBP-C35,p4_tail,
FF-WMDCCC,p1_hero,Wall Mounted Cable Column Series
FF-WDWPRI-80,p2_core,
FF-CUBP-C340,p4_tail,
FF-WBB-SET,p4_tail,
FF-CUBP-C300,p4_tail,
FF-WDP20,p2_core,
FF-WC44,p3_catalog,
FF-CUBP-C320,p4_tail,
FF-WBWS,p4_tail,
FF-WBB-RACK,p3_catalog,
FF-WBB-36,p4_tail,
FF-CUBP-C260,p4_tail,
FF-CUBP-C25,p4_tail,
FF-CUBP-C210,p4_tail,
FF-WBB-201,p4_tail,
FF-CUBP-B55,p4_tail,
FF-WBB-135,p4_tail,
FF-CUBP-B45,p4_tail,
FF-CUBP-B350,p4_tail,
FF-CUBP-B35,p4_tail,
FF-VO10BRH,p3_catalog,
FF-VMBR10,p4_tail,
FF-CUBP-B340,p4_tail,
FF-VKR20-PT,p3_catalog,
FF-CUBP-B320,p4_tail,
FF-VKB60,p4_tail,
FF-CUBP-B300,p4_tail,
FF-VKB560,p4_tail,
FF-VKB550,p4_tail,
FF-CUBP-B260,p4_tail,
FF-VKB55,p4_tail,
FF-CUBP-B25,p4_tail,
FF-VKB530,p4_tail,
FF-CUBP-B210,p4_tail,
FF-CT80,p4_tail,
FF-CT-100,p1_hero,
FF-VC200,p4_tail,
FF-CSTBR,p4_tail,
FF-URPSD95,p4_tail,
FF-URPSD90,p4_tail,
FF-URPSD85,p4_tail,
FF-URPSD80,p4_tail,
FF-URPSD75,p4_tail,
FF-URPSD70,p4_tail,
FF-COP70,p4_tail,
FF-URPSD65,p4_tail,
FF-URPSD60,p4_tail,
FF-URPSD55-75,p4_tail,
FF-URPSD55-100,p4_tail,
FF-URPSD55,p4_tail,
FF-COP450,p4_tail,
FF-URPSD50,p4_tail,
FF-URPSD5-75,p4_tail,
FF-COP395B,p4_tail,
FF-URPSD5-50,p4_tail,
FF-URPSD5-60,p4_tail,
FF-COP395,p4_tail,
FF-COP350,p4_tail,
FF-URPSD5-100,p4_tail,
FF-COP305B,p4_tail,
FF-URPSD45,p4_tail,
FF-COP305,p4_tail,
FF-URPSD40,p4_tail,
FF-URPSD35,p4_tail,
FF-COP260,p4_tail,
FF-URPSD150,p4_tail,
FF-COP235B,p4_tail,
FF-URPSD135,p4_tail,
FF-COP190,p4_tail,
FF-URPSD145,p4_tail,
FF-COP235,p4_tail,
FF-URPSD140,p4_tail,
FF-URPSD130,p4_tail,
FF-URPSD125,p4_tail,
FF-COP170,p4_tail,
FF-URPSD120,p4_tail,
FF-URPSD115,p4_tail,
FF-COP140,p4_tail,
FF-URPSD110,p4_tail,
FF-URPSD105-130,p4_tail,
FF-COP120,p4_tail,
FF-URPSD105,p4_tail,
FF-COBP55B,p4_tail,
FF-COBP55,p4_tail,
FF-U8SHD95,p4_tail,
FF-URPSD100,p4_tail,
FF-COP100,p4_tail,
FF-UBE100,p1_hero,UBE100 Series
FF-U8SHD90,p4_tail,
FF-U8SHD85,p4_tail,
FF-U8SHD80,p4_tail,
FF-COBP680B,p4_tail,
FF-UB200,p4_tail,
FF-COBP370B,p4_tail,
FF-U8SHD75,p4_tail,
FF-COBP370,p4_tail,
FF-U8SHD70,p4_tail,
FF-U8SHD65,p4_tail,
FF-U8SHD60,p4_tail,
FF-COBP340B,p4_tail,
FF-U8SHD55-100,p4_tail,
FF-U8SHD55,p4_tail,
FF-COBP320B,p4_tail,
FF-U8SHD50,p4_tail,
FF-COBP260B,p4_tail,
FF-U8SHD5-75,p2_core,
FF-COBP260,p4_tail,
FF-U8SHD5-60,p3_catalog,
FF-COBP230B,p4_tail,
FF-COBP230,p3_catalog,
FF-COBP190B,p4_tail,
FF-U8SHD5-50,p2_core,
FF-U8SHD45,p4_tail,
FF-U8SHD40,p4_tail,
FF-COBP190,p4_tail,
FF-U8SHD5-100,p2_core,
FF-U8SHD35,p4_tail,
FF-CMPTBBR,p2_core,
FF-CMFGM,p4_tail,
FF-CIOWP450,p4_tail,
FF-CIOWP395,p4_tail,
FF-U8SHD150,p4_tail,
FF-CIOWP350,p4_tail,
FF-U8SHD145,p4_tail,
FF-U8SHD140,p4_tail,
FF-CIOWP305,p4_tail,
FF-U8SHD135,p4_tail,
FF-U8SHD130,p3_catalog,
FF-U8SHD125,p4_tail,
FF-CIOWP260,p4_tail,
FF-U8SHD120,p4_tail,
FF-CIOWP235,p4_tail,
FF-U8SHD115,p4_tail,
FF-U8SHD110,p4_tail,
FF-CIOWP190,p4_tail,
FF-U8SHD105-130,p4_tail,
FF-CIOWP100,p4_tail,
FF-U8SHD105,p4_tail,
FF-U8SHD100,p4_tail,
FF-CIKB95,p4_tail,
FF-CIKB90,p4_tail,
FF-CIKB85,p4_tail,
FF-CIKB80,p4_tail,
FF-CIKB75,p4_tail,
FF-U12OWP450-V2,p4_tail,
FF-CIKB70,p4_tail,
FF-U12OWP45-V2,p4_tail,
FF-CIKB65,p4_tail,
FF-U12OWP350-V2,p4_tail,
FF-CIKB60,p4_tail,
FF-U12OWP35-V2,p4_tail,
FF-CIKB55,p4_tail,
FF-CIKB580,p2_core,
FF-U12OWP260-V2,p4_tail,
FF-CIKB570,p2_core,
FF-CIKB550,p2_core,
FF-CIKB530,p3_catalog,
FF-U12OWP190-V2,p4_tail,
FF-CIKB100,p3_catalog,
FF-TDR,p4_tail,
FF-TBR80,p4_tail,
FF-TBR40,p4_tail,
FF-C305R4MFAB,p4_tail,
FF-TBE200,p1_hero,
FF-BTPS2,p4_tail,
FF-TBAR-C90-SILVER,p2_core,
FF-BSM20,p2_core,Belt Squat Series
FF-TBAR-C90-BLACK,p2_core,
FF-BRC10,p4_tail,
FF-BR1550,p4_tail,
FF-T800,p4_tail,
FF-BR2050,p4_tail,
FF-BR2040,p4_tail,
FF-T900,p1_hero,T900 Series
FF-BR2030,p4_tail,
FF-SWJB-S8,p4_tail,
FF-STRBB95,p4_tail,
FF-T700,p4_tail,
FF-T600,p4_tail,
FF-BP515,p4_tail,
FF-BP-20SR,p4_tail,
FF-STRBB90,p4_tail,
FF-BP-20SBPR,p4_tail,
FF-STRBB85,p4_tail,
FF-STRBB80,p4_tail,
FF-BP-1BP-20KG,p4_tail,
FF-STRBB75,p4_tail,
FF-STRBB70,p4_tail,
FF-BOBP680B,p4_tail,
FF-STRBB65,p4_tail,
FF-STRBB60,p4_tail,
FF-BOBP55B,p4_tail,
FF-STRBB55,p4_tail,
FF-STRBB50,p4_tail,
FF-STRBB45,p4_tail,
FF-BOBP370B,p4_tail,
FF-STRBB40,p4_tail,
FF-BOBP340B,p4_tail,
FF-STRBB25-115,p2_core,
FF-STRBB125,p4_tail,
FF-STRBB120,p4_tail,
FF-BOBP320B,p4_tail,
FF-BOBP260B,p4_tail,
FF-BOBP230B,p4_tail,
FF-STRBB115,p4_tail,
FF-STRBB110,p4_tail,
FF-BOBP190B,p4_tail,
FF-STRBB100,p4_tail,
FF-STRBB-25-65,p4_tail,
FF-STRBB105,p4_tail,
FF-STRBB-20-60,p3_catalog,
FF-BDPB-BLUE,p4_tail,
FF-STRBB,p1_hero,
FF-STP3,p4_tail,
FF-ASR-PACK,p4_tail,
FF-ST100,p4_tail,
FF-ST10,p3_catalog,
FF-SSB,p3_catalog,
FF-SS20,p4_tail,
FF-ASR,p4_tail,
FF-AR,p2_core,
FF-AGSL-V3,p4_tail,
FF-APGT-1450,p4_tail,
FF-SR7,p4_tail,
FF-AFB,p2_core,
FF-ADSS,p4_tail,
FF-AGSL-V2,p4_tail,
FF-AGSL,p4_tail,
FF-SRFT8,p2_core,
FF-SPBS7,p3_catalog,
FF-SPB42,p4_tail,
FF-SPB36,p4_tail,
FF-SPB30,p4_tail,
FF-ABM40,p4_tail,
FF-8BWMHR,p4_tail,
FF-SPB,p3_catalog,
FF-86OB-2000,p2_core,
FF-86OB-1500,p2_core,
FF-86OB,p3_catalog,
FF-7OB-FSR90,p4_tail,
FF-72OB-1000,p3_catalog,
FF-72OB,p4_tail,
FF-5-80-ADS,p4_tail,
FF-SMWB-S6-620,p3_catalog,
FF-SMWB-S10-430,p2_core,
FF-4TSSR-3,p4_tail,
FF-SMOSB,p4_tail,
FF-SLRASS,p4_tail,
FF-4SVDR-16,p4_tail,
FF-3TSDB10,p4_tail,
FF-4TSSR-2,p4_tail,
FF-SKI,p3_catalog,
FF-4TSSR,p4_tail,
FF-3TS15PDR,p4_tail,
FF-3TS12PDR,p4_tail,
FF-3TKR,p2_core,
FF-SHR80-MAB30,p4_tail,
FF-3THDR,p4_tail,
FF-395R4MFAB,p4_tail,
FF-31SFPB,p2_core,
FF-2TSDB10,p3_catalog,
FF-SFPB-16-20-24,p3_catalog,
FF-SHR80,p1_hero,
FF-305R4MFAB,p4_tail,
FF-2TSDB10-V2,p3_catalog,
FF-235R4MFAB,p4_tail,
FF-SCIWP450,p4_tail,
FF-SCIWP350,p4_tail,
FF-SCIWP260,p4_tail,
FF-SCIWP190,p4_tail,
FF-SC600,p4_tail,
FF-SBR-10,p4_tail,
FF-SB90,p4_tail,
FF-SC15-Black,p1_hero,Stretch Cage Series
FF-SC15,p1_hero,Stretch Cage Series
FF-SB80,p4_tail,
FF-SB70,p4_tail,
FF-SB275,p4_tail,
FF-SB180,p4_tail,
FF-SB14-100,p3_catalog,
FF-SB100,p3_catalog,
FF-SB-100,p4_tail,
FF-RRGF,p4_tail,
FF-RR-WCA,p4_tail,
FF-RR-U-91,p4_tail,
FF-RR-U-84,p4_tail,
FF-RR-U-72,p4_tail,
FF-RR-U-142,p3_catalog,
FF-RR-U-108,p4_tail,
FF-RR-SPA,p4_tail,
FF-RR-SBHA,p4_tail,
FF-RR-SAA,p4_tail,
FF-RR-U-130,p4_tail,
FF-RR-U-120,p4_tail,
FF-RR-SA-V2HD,p4_tail,
FF-RR-RMUA-26MM,p4_tail,
FF-RR-PBH,p4_tail,
FF-RR-MSGPUB,p4_tail,
FF-RR-MGPUB,p4_tail,
FF-RR-MBA,p4_tail,
FF-RR-LS,p4_tail,
FF-RR-LPLW,p4_tail,
FF-RR-KBR-71,p4_tail,
FF-RR-KBR-43,p4_tail,
FF-RR-JBS-MCG,p4_tail,
FF-RR-JBS-71-V1-CM,p4_tail,
FF-RR-JB-UCB,p4_tail,
FF-RR-JAA,p4_tail,
FF-RR-FT-CAVE,p4_tail,Rack & Rig Series
FF-RR-FT-3TS78,p4_tail,Rack & Rig Series
FF-RR-FT-3TS49,p4_tail,Rack & Rig Series
FF-RR-FPBA,p4_tail,
FF-RR-DWBT-V2,p3_catalog,
FF-RR-DSBA-71,p4_tail,
FF-RR-DSBA-43,p4_tail,
FF-RR-DPB-71,p4_tail,
FF-RR-DPB-43,p4_tail,
FF-RR-DBR-71,p4_tail,
FF-RR-DBR-43,p4_tail,
FF-RR-CC-SB2,p4_tail,
FF-RR-BPR-71,p4_tail,
FF-RR-BR-71,p4_tail,
FF-RR-BPR-43,p4_tail,
FF-RMB6-25-MBR10,p4_tail,
FF-RMB-S6-620,p4_tail,
FF-RMB-S10-430,p4_tail,
FF-RIG9,p4_tail,Rack & Rig Series
FF-RIG8,p4_tail,
FF-RIG7,p4_tail,
FF-RIG6,p4_tail,Rack & Rig Series
FF-RIG5,p4_tail,Rack & Rig Series
FFV-FIDOBP,p4_tail,
FFT-SP,p4_tail,Tahoe Series
FFT-SLE,p1_hero,Tahoe Series
FFV-DCC,p4_tail,
FFV-3D-Smith,p4_tail,
FFT-SLCLE,p1_hero,Tahoe Series
FFT-TAE,p3_catalog,Tahoe Series
FFT-SSC,p2_core,Tahoe Series
FFT-SR,p2_core,Tahoe Series
FF-RIG3,p1_hero,Rack & Rig Series
FFT-SLC,p3_catalog,Tahoe Series
FFT-SHAC,p4_tail,Tahoe Series
FFT-PLSTDP-V2,p4_tail,Tahoe Series
FFT-PLSOP,p3_catalog,Tahoe Series
FFT-PLILLE,p4_tail,Tahoe Series
FFT-PLILKLC,p4_tail,Tahoe Series
FF-RIG21,p3_catalog,Rack & Rig Series
FFT-PLDCP,p4_tail,Tahoe Series
FFT-PLCP,p4_tail,Tahoe Series
FFT-PLCLE,p1_hero,Tahoe Series
FFT-PLC,p2_core,Tahoe Series
FFT-PLBAC,p4_tail,Tahoe Series
FFT-PFRD,p1_hero,Tahoe Series
FFT-PCFR,p4_tail,Tahoe Series
FF-RIG20,p4_tail,Rack & Rig Series
FFT-MHG,p2_core,Tahoe Series
FFT-HAOT,p4_tail,Tahoe Series
FFT-HAIT,p4_tail,Tahoe Series
FFT-LR,p2_core,Tahoe Series
FFT-HAA,p1_hero,Tahoe Series
FFT-LPDLR,p1_hero,Tahoe Series
FFT-HCR,p4_tail,Tahoe Series
FFT-FLP,p3_catalog,Tahoe Series
FFT-DBCT,p1_hero,Tahoe Series
FF-RIG2,p4_tail,Rack & Rig Series
FFT-CSMP,p2_core,Tahoe Series
FFT-CP,p3_catalog,Tahoe Series
FFT-CLP,p3_catalog,Tahoe Series
FFT-BAC,p3_catalog,Tahoe Series
FFS-USRS,p4_tail,
FFS-UB,p4_tail,
FFT-ACLB,p2_core,Tahoe Series
FFT-ACD,p1_hero,Tahoe Series
FFS-TPSD,p4_tail,FFS Silver Series
FFS-TAE,p4_tail,Shasta Series
FFS-SSC,p4_tail,Shasta Series
FF-RIG11,p4_tail,Rack & Rig Series
FFS-SR,p3_catalog,Shasta Series
FFS-SP,p4_tail,Shasta Series
FFS-SM200,p1_hero,SM200 Series
FFS-SLP,p4_tail,FFS Silver Series
FFS-SLE,p3_catalog,Shasta Series
FFS-SLCLE,p1_hero,Shasta Series
FFS-SLC,p3_catalog,Shasta Series
FFS-SHAC,p4_tail,Shasta Series
FFS-PLC,p3_catalog,Shasta Series
FFS-PFRD,p2_core,Shasta Series
FF-RIG10,p4_tail,Rack & Rig Series
FFS-SAC,p4_tail,FFS Silver Series
FFS-PVKR,p4_tail,
FFS-PLSVS,p3_catalog,FFS Silver Series
FFS-PLSCR,p4_tail,FFS Silver Series
FFS-PLCLE,p2_core,Shasta Series
FFS-OMB,p4_tail,FFS Silver Series
FFS-OSR,p4_tail,FFS Silver Series
FF-RH80,p4_tail,
FFS-PF,p4_tail,FFS Silver Series
FF-RIG1,p2_core,
FFS-OIB,p4_tail,FFS Silver Series
FF-RGOP70,p4_tail,
FFS-OFBWH,p4_tail,FFS Silver Series
FFS-OFB,p4_tail,
FF-RGOP395-B,p4_tail,
FF-RGOP350,p1_hero,
FFS-ODB-SILVER,p4_tail,FFS Silver Series
FF-RGOP450,p2_core,
FFS-MHG,p4_tail,Shasta Series
FFS-MAB,p4_tail,
FF-RGOP395-BB,p4_tail,
FFS-LR,p4_tail,Shasta Series
FFS-LPDLR,p2_core,Shasta Series
FF-RGOP305-B,p4_tail,
FFS-LHS,p4_tail,
FFS-LHBP,p4_tail,FFS Silver Series
FF-RGOP260,p2_core,
FFS-HBCC-VKR,p2_core,FFS Silver Series
FFS-HAOT,p4_tail,Shasta Series
FFS-HAA,p2_core,Shasta Series
FF-RGOP235-B,p4_tail,
FFS-HAIT,p4_tail,Shasta Series
FF-RGOP235-BB,p4_tail,
FFS-GM,p4_tail,FFS Silver Series
FF-RGOP190,p4_tail,
FFS-FLP,p4_tail,Shasta Series
FF-RGOP170,p4_tail,
FFS-ESM,p4_tail,FFS Silver Series
FF-RGOP140,p4_tail,
FFS-DBCT,p4_tail,Shasta Series
FF-RGOP120,p4_tail,
FFS-DAP,p2_core,FFS Silver Series
FF-RGOP100,p4_tail,
FFS-CSMP,p4_tail,Shasta Series
FFS-CP,p3_catalog,Shasta Series
FFS-CLP,p4_tail,Shasta Series
FF-SM900,p3_catalog,SM200 Series
FF-SR6,p4_tail,
FF-X90-HLP,p4_tail,
FF-X90,p2_core,
FF-RCHD5-50,p1_hero,
FF-RCHD2-5-22-5,p4_tail,
FF-RCHD5-75,p2_core,
FF-RCHD5-100,p1_hero,
FF-RCHD2-5-25,p4_tail,
FFM-PSM,p3_catalog,Marin Series
FF-E620T,p2_core,
FF-E600,p3_catalog,
FF-UB620T,p3_catalog,
FF-UB600,p3_catalog,
FF-UB320T,p4_tail,
FF-CIOWP335,p4_tail,
10269254254908,p4_tail,
FF-VAIL-TPSD,p3_catalog,Vail Series
FF-VAIL-HTGM,p4_tail,Vail Series
FF-X10LP,p3_catalog,
FF-FSR110,p4_tail,FSR Series
FF-U12OWP170-V2,p4_tail,
10247596147004-52534108160316,p4_tail,
10247596147004-52534108193084,p4_tail,
10247596147004-52534108225852,p4_tail,
10247596147004-52534108258620,p4_tail,
10247596147004-52534108291388,p4_tail,
10247596147004-52534105538876,p3_catalog,
10247596147004-52534108324156,p2_core,
10247596147004-52534105506108,p4_tail,
10247596147004-52534108356924,p4_tail,
10247596147004-52534100721980,p4_tail,
10247596147004-52534100754748,p4_tail,
10247596147004-52534100787516,p4_tail,
10247596147004-52534100820284,p4_tail,
10247596147004-52534100853052,p4_tail,
10247596147004-52534100885820,p4_tail,
10247596147004-52534100918588,p4_tail,
10247596147004-52534100951356,p4_tail,
10247596147004-52534100984124,p4_tail,
10247596147004-52534101016892,p4_tail,
10247596147004-52534101049660,p4_tail,
10247596147004-52534101082428,p4_tail,
10247596147004-52534101115196,p4_tail,
10247596147004-52534101147964,p4_tail,
10247596147004-52534101180732,p4_tail,
10247596147004-52534101213500,p4_tail,
10247596147004-52534101246268,p4_tail,
10247596147004-52534101279036,p4_tail,
10247596147004-52534101311804,p4_tail,
10247596147004-52534101344572,p4_tail,
10247596147004-52534101377340,p4_tail,
10247596147004-52534101410108,p4_tail,
10247596147004-52534101442876,p4_tail,
10247596147004-52534101475644,p4_tail,
10247596147004-52534101508412,p4_tail,
10247596147004-52534101541180,p4_tail,
10247596147004-52534101573948,p4_tail,
10247596147004-52534101606716,p4_tail,
10247596147004-52534101639484,p4_tail,
10247596147004-52534101672252,p4_tail,
10247596147004-52534101705020,p4_tail,
10247596147004-52534101737788,p3_catalog,
10247596147004-52534101770556,p4_tail,
10247596147004-52534101803324,p3_catalog,
10247596147004-52534101836092,p4_tail,
10247596147004-52534101868860,p4_tail,
FF-U12OWP140-V2,p4_tail,
FF-U12OWP120-V2,p4_tail,
FF-U12OWP100-V2,p4_tail,
FF-U12OWP70-V2,p4_tail,
FFS-LPDLR-V2,p4_tail,Shasta Series
FF-RB600,p2_core,
FF-UB310,p4_tail,
FF-U12OWP50-V2,p4_tail,
FF-RB620T,p2_core,
FF-HPB100-47,p4_tail,
FF-WMRFT21,p3_catalog,Wall Mounted Cable Column Series
FF-WMRFT11,p4_tail,Wall Mounted Cable Column Series
FF-UB300,p4_tail,
FF-T300,p4_tail,
FF-CA-FGK10,p3_catalog,
FF-RGOP495,p4_tail,
FFB-CAFID,p4_tail,
FF-E320T,p4_tail,
FF-E310,p4_tail,
FF-MAB40D-AL,p4_tail,
FF-RB300,p4_tail,
FF-MFAB-ACLE-V3,p4_tail,
FF-T850,p1_hero,
FF-SM920T,p3_catalog,SM200 Series
FF-RB310,p4_tail,
FF-RB320T,p4_tail,
FFO-FLPPL,p4_tail,
FF-ST300,p4_tail,
FF-ST200,p4_tail,
FF-TRIDE-DCC,p4_tail,Telluride Series
FF-CAP,p3_catalog,
FF-VP100,p4_tail,
FF-T400,p4_tail,
FF-PLHSLP,p2_core,
10124211355964,p4_tail,Vail Series
FF-RIG24,p4_tail,Rack & Rig Series
FF-TRIDE-SLE,p2_core,Telluride Series
FF-VAIL-GM,p3_catalog,Vail Series
FF-E420T,p4_tail,
FF-RR-JBS-96-CM,p4_tail,
FF-FSR40,p4_tail,FSR Series
FFM-PLISPL,p3_catalog,Marin Series
FF-TRIDE-GM,p3_catalog,Telluride Series
FF-TRIDE-TR,p2_core,Telluride Series
FF-TRIDE-TPSD,p2_core,Telluride Series
FF-TRIDE-PLC,p2_core,Telluride Series
FF-TRIDE-SLC,p2_core,Telluride Series
FF-TRIDE-HTGM,p4_tail,Telluride Series
FF-RIG15,p4_tail,Rack & Rig Series
FF-CIKB115,p4_tail,
FF-UB420T,p4_tail,
FF-CIKB106,p4_tail,
FF-VAIL-SAC,p3_catalog,Vail Series
FF-TRIDE-SAC,p2_core,Telluride Series
FF-VKB520,p4_tail,
FF-CMFGM-4,p4_tail,
FF-VKB570,p4_tail,
FF-URPSD55-100-V2,p4_tail,
FF-URPSD55-75-V2,p4_tail,
FF-URPSD5-100-V2,p4_tail,
FF-URPSD5-75-V2,p4_tail,
FF-URPSD5-60-V2,p4_tail,
FF-URPSD5-50-V2,p4_tail,
FF-URPSD100-V2,p4_tail,
FF-URPSD95-V2,p4_tail,
FF-URPSD90-V2,p4_tail,
FF-URPSD85-V2,p4_tail,
FF-URPSD80-V2,p4_tail,
FF-URPSD75-V2,p4_tail,
FF-URPSD70-V2,p4_tail,
FF-URPSD65-V2,p4_tail,
FF-URPSD60-V2,p4_tail,
FF-URPSD55-V2,p4_tail,
FF-URPSD50-V2,p4_tail,
FF-URPSD45-V2,p4_tail,
FF-URPSD40-V2,p4_tail,
FF-URPSD35-V2,p4_tail,
FFS-LPSCR,p1_hero,Shasta Series
FFT-LPSCR,p1_hero,Tahoe Series
10019813589308,p4_tail,
FF-RR-GHDR,p4_tail,
FF-RR-HTBA,p4_tail,
FF-3TS15PDR-V2,p3_catalog,
FF-RR-USA,p4_tail,
FF-ADMAB,p3_catalog,
FF-UB400,p4_tail,
FFS-CC,p4_tail,FFS Silver Series
FFS-BAC,p4_tail,Shasta Series
FFS-AET50,p4_tail,
FFS-ACLB,p3_catalog,Shasta Series
FFS-ACD,p2_core,Shasta Series
FFS-ACC,p2_core,FFS Silver Series
FFS-ACB,p4_tail,FFS Silver Series
FFS-AADB,p3_catalog,
FF-RCHD5-75RB,p4_tail,
FFS-8SMJG,p2_core,FFS Silver Series
FF-RCHD5-75R,p1_hero,
FFS-5SMJG,p1_hero,FFS Silver Series
FFS-4SMJG,p1_hero,FFS Silver Series
FF-RCHD5-70-R,p4_tail,
FF-RCHD5-50-RB,p4_tail,
FFS-45DLLP,p2_core,FFS Silver Series
FF-RCHD5-50-R,p2_core,
FFS-45DHBE,p4_tail,FFS Silver Series
FF-RCHD5-100-RB,p3_catalog,
FF-RCHD5-100-R,p2_core,
FFS-360XS,p4_tail,FFS Silver Series
FFS-360XL,p4_tail,FFS Silver Series
FFS-360T,p4_tail,FFS Silver Series
FFR-86COB-1500,p2_core,
FFP-TAC,p4_tail,
FFP-RTR,p4_tail,
FFP-PLPPS,p4_tail,
FFP-DCC,p4_tail,
FFP-CFDI,p4_tail,
FFNS-TP,p4_tail,
FFNS-GM,p4_tail,
FFN-SSS,p4_tail,Napa Series
FFNS-DCC,p4_tail,
FFNS-AC,p4_tail,
FFN-VLP,p4_tail,Napa Series
FFN-SRB,p4_tail,Napa Series
FFN-SM,p4_tail,Napa Series
FFS-SHLP,p4_tail,Shasta Series
FFS-SHC,p4_tail,Shasta Series
FFN-PLWCM,p4_tail,
FFS-SBE,p4_tail,Shasta Series
FFN-RKG,p4_tail,Napa Series
FFN-PLWP,p4_tail,Napa Series
FF-RB200,p4_tail,
FFN-PLWC,p4_tail,Napa Series
FF-R5,p4_tail,
FF-R8,p3_catalog,
FFN-PLTDF,p4_tail,
FF-R6,p4_tail,
FFN-PLSTP,p4_tail,Napa Series
FFN-PLSP,p4_tail,Napa Series
FF-R4,p4_tail,
FFN-PLSLC,p4_tail,Napa Series
FF-R20,p4_tail,
FFN-PLSL,p4_tail,Napa Series
FFN-PLSHC,p4_tail,Napa Series
FF-R10,p4_tail,
FFN-PLR,p2_core,Napa Series
FF-R1,p4_tail,
FFN-PLP,p4_tail,Napa Series
FFN-PLLR,p4_tail,Napa Series
FFN-PLLE,p4_tail,Napa Series
FFN-PLKLC,p4_tail,Napa Series
FFN-PLILHR,p4_tail,Napa Series
FFN-PLICP,p3_catalog,Napa Series
FF-PSSJB60,p2_core,
FFN-PLHLP,p4_tail,Napa Series
FF-PS50,p1_hero,Belt Squat Series
FF-PROBBR,p4_tail,
FFN-PLFLP,p3_catalog,Napa Series
FF-PLPSDSC,p2_core,
FFN-PLFCBP,p4_tail,Napa Series
FFN-PLDYR,p4_tail,Napa Series
FF-PLLPLR20,p4_tail,
FFN-PLDCP,p4_tail,Napa Series
FFN-PLCBC,p2_core,Napa Series
FFN-PLAOC,p3_catalog,Napa Series
FFN-PL4WN,p4_tail,Napa Series
FF-PLBSTP,p4_tail,Belt Squat Series
FFN-PCB,p4_tail,Napa Series
FFN-OIBWH,p4_tail,Napa Series
FFN-ILSIP,p3_catalog,Napa Series
FF-PBPSR,p4_tail,
FFN-ILPLC,p4_tail,Napa Series
FF-P-PWS-V2,p4_tail,
FF-OWTBH5,p4_tail,
FFN-ASP,p4_tail,Napa Series
FFN-HDEHR,p4_tail,Napa Series
FFN-GBJ,p4_tail,Napa Series
FFN-FIDOBP,p4_tail,
FF-P-PWS,p3_catalog,
FFN-CT,p4_tail,Napa Series
FF-OWT30,p2_core,
FFN-AHBSR5,p4_tail,
FF-OWT20,p4_tail,
FFN-AHBSR3,p4_tail,
FFN-ACB,p4_tail,Napa Series
FF-OHTB,p3_catalog,
FFM-SRB,p4_tail,Marin Series
FF-OCBPB,p3_catalog,
FFN-3D-SMITH,p3_catalog,
FFM-VLP,p4_tail,Marin Series
FFM-SSS,p4_tail,Marin Series
FFM-SM,p1_hero,Marin Series
FF-OCB60-700,p3_catalog,
FF-OCB,p4_tail,
FFT-SHLP,p2_core,Tahoe Series
FF-OBP55,p4_tail,
FFT-SHC,p4_tail,Tahoe Series
FF-OBP470,p4_tail,
FFT-SBE,p4_tail,Tahoe Series
FFM-RKG,p3_catalog,Marin Series
FF-OBP425,p4_tail,
FF-OBP415B,p4_tail,
FF-OBP415,p4_tail,
FF-OBP380,p4_tail,
FF-OBP325B,p4_tail,
FFM-R30-RE-LPLW,p4_tail,
FF-OBP325,p4_tail,
FF-OBP285,p4_tail,
FF-OBP280,p4_tail,
FF-OBP260,p4_tail,
FF-OBP240,p4_tail,
FFM-R30-RE,p2_core,Monster Series
FF-OBP235B,p4_tail,
FF-OBP235,p4_tail,
FFM-R30-MAB30,p4_tail,
FF-OBP190,p2_core,
FF-MSWB-S10-625,p3_catalog,
FF-MSS-U45,p4_tail,
FFM-R30,p2_core,
FF-MSAT,p4_tail,
FFM-PLWP,p4_tail,Marin Series
FFM-PLWCM,p3_catalog,
FFM-PLWC,p4_tail,Marin Series
FFM-PLTDF,p4_tail,
FF-MOSB-V2,p4_tail,
FFM-PLSTP,p3_catalog,Marin Series
FF-MIC21,p4_tail,
FFM-PLSLC,p4_tail,Marin Series
FF-MIC4,p4_tail,
FFM-PLSP,p3_catalog,Marin Series
FF-MIC3,p4_tail,
FFM-PLSL,p4_tail,Marin Series
FF-MIC20,p2_core,
FFM-PLSHC,p4_tail,Marin Series
FF-MGLPD,p4_tail,
FFM-PLLR,p3_catalog,Marin Series
FFM-PLR,p2_core,Marin Series
FFM-PLP,p2_core,Marin Series
FF-MFAB-ACLE-V2,p3_catalog,
FFM-PLLE,p4_tail,Marin Series
FFM-PLKLC,p4_tail,Marin Series
FF-MBR500,p4_tail,
FFM-PLILHR,p3_catalog,Marin Series
FFM-PLICP,p2_core,Marin Series
FF-MBR20,p4_tail,
FFM-PLHSLP,p1_hero,Monster Series
FF-MBR12,p4_tail,
FFM-PLHLP,p2_core,Marin Series
FFM-PLFLP,p2_core,Marin Series
FF-MAB30,p1_hero,
FFM-PLFCBP,p2_core,Marin Series
FF-MAB20-AR,p3_catalog,
FFM-PLDYR,p4_tail,Marin Series
FF-LSSM20,p3_catalog,
FFM-PLDCP,p3_catalog,Marin Series
FFM-PL4WN,p4_tail,Marin Series
FFM-PLCBC,p1_hero,Marin Series
FFM-PLAOC,p2_core,Marin Series
FF-LMA20,p4_tail,
FFM-PCB,p4_tail,Marin Series
FF-LMA100,p4_tail,
FFM-OIBWH,p3_catalog,Marin Series
FFM-LPLR,p4_tail,Monster Series
FFM-ILSIP,p3_catalog,Marin Series
FFM-ILPLC,p4_tail,Marin Series
FF-JTR30,p4_tail,
FFM-GBJ,p3_catalog,Marin Series
FFM-CT,p4_tail,Marin Series
FF-JCR30,p4_tail,
FFM-CLPS,p4_tail,
FFM-ASP,p1_hero,Marin Series
FFM-AHBSR5,p4_tail,
FFM-AHBSR3,p4_tail,
FFM-ACB,p2_core,Marin Series
FFD-PLSTDP,p4_tail,Diablo Series
FFD-PLSOP,p4_tail,Diablo Series
FFD-PLSLR,p4_tail,Diablo Series
FFD-PLILLE,p4_tail,Diablo Series
FF-HVD-1-15,p4_tail,
FFD-PLILKLC,p4_tail,Diablo Series
FFD-PLILHR,p4_tail,Diablo Series
FF-HVD-1-10R,p4_tail,
FFD-PLILFP,p4_tail,Diablo Series
FF-HVD-1-10,p4_tail,
FFD-PLDCP,p4_tail,Diablo Series
FF-HTB20,p3_catalog,
9878464627004,p4_tail,
FFD-PLBAC,p4_tail,Diablo Series
FF-HE450,p4_tail,
FF-HDR,p1_hero,
FF-FSR90,p1_hero,FSR Series
FFB-4SMJG,p1_hero,FFB Black Series
FF-FSR100,p2_core,FSR Series
TRUE-SPECTRUM16,p4_tail,
TRUE-C900UB16,p4_tail,
TRUE-C900RB16,p4_tail,
SPORTSART-G576UB,p4_tail,
SCIFIT-REX7000-LED,p4_tail,
SCIFIT-PRO2,p4_tail,
PRECOR-DPLLP,p4_tail,
PRECOR-DBR0611,p4_tail,
PRECOR-C240i,p4_tail,
MATRIX-IR-LCD,p4_tail,
LFSS-TP,p4_tail,
LFSS-SP,p4_tail,
LFSS-SLP,p4_tail,
LFSS-PD,p4_tail,
LFSS-CP,p4_tail,
LFSS-BC,p4_tail,
LFPRO2PEC,p4_tail,
CYBEXR-LBARC50L,p4_tail,
My7,p4_tail,
My5,p4_tail,
My3,p4_tail,
ZR7,p4_tail,
zr8000ss,p4_tail,
zr8000,p4_tail,
Xtreme2SE,p4_tail,
Xtreme2,p4_tail,
Xtreme,p4_tail,
xt20,p4_tail,
xt10,p4_tail,
xt-onesc,p4_tail,
XT-ONE,p4_tail,
xr6000ts,p4_tail,
XR6000SS,p4_tail,
xr6000,p2_core,
xr6,p4_tail,
xr5000,p4_tail,
x9i,p4_tail,
X7,p4_tail,
x5i,p4_tail,
WW-PRO,p4_tail,
WW-Mercury,p4_tail,
MLPCP,p4_tail,
x3i,p4_tail,
WW-M-tread,p4_tail,
MKrank,p4_tail,
WW-FORCE,p4_tail,
WW-DES-EVO,p4_tail,
MFMULTITWIN,p4_tail,
WW-DES-ELITE,p4_tail,
MF65,p4_tail,
WW-CURVE,p4_tail,
MF25,p4_tail,
WW-DES-318,p4_tail,
MF30,p4_tail,
ww-curve-trainer,p4_tail,
WW-55-path,p4_tail,
MF20,p4_tail,
matrixU7xi,p4_tail,
WW-4FrontTV,p2_core,
WW-4FrontSmart,p4_tail,
WW-4FrontQuickSet,p3_catalog,
matrixu5x,p4_tail,
matrixu3x,p4_tail,
matrixtomahawk,p4_tail,
ww-4fqs2024,p1_hero,
WW-4Front,p1_hero,
WW-4FrontPT2024,p1_hero,
matrixu7xe,p4_tail,
matrixT7xi,p4_tail,
VR3triceppress12180,p4_tail,
matrixt7xe,p4_tail,
VR3TorsoRot12190,p4_tail,
matrixt5x,p2_core,
VR3SLegCurl12060,p4_tail,
matrixt3x,p4_tail,
VR3Row12030,p4_tail,
matrixt1x,p4_tail,
VR3pulldown12020,p4_tail,
matrixs7xi,p4_tail,
VR3pronecurl12140,p4_tail,
matrixs7xe,p4_tail,
VR3overhead12010,p4_tail,
matrixs5x,p4_tail,
VR3Leg12040,p4_tail,
matrixs3x,p4_tail,
VR3LatRaise12160,p4_tail,
matrixR7xi,p4_tail,
VR3Lat12130,p4_tail,
matrixr7xe,p4_tail,
VR3Glute12170,p4_tail,
matrixr5xnewer,p4_tail,
VR3FlyRearDelt12110,p4_tail,
matrixr5x,p4_tail,
matrixr3xrecumbent,p4_tail,
VR3Extend12050,p4_tail,
VR3dipchin12230,p4_tail,
matrixr3x,p4_tail,
VR3Chest12001,p4_tail,
matrixot5x,p4_tail,
matrixmx-t5,p4_tail,
matrixh7xi,p4_tail,
VR3CColumn12220,p4_tail,
matrixh7xe,p4_tail,
VR3Calf12120,p4_tail,
matrixh5xnewer,p4_tail,
VR3backext12100,p4_tail,
matrixh5x,p4_tail,
VR3ArmExtend12080,p4_tail,
matrixh3xhybrid,p4_tail,
VR3Adduction12210,p4_tail,
matrixg7-s55b,p4_tail,
matrixg3s70,p4_tail,
MATRIXG3-S60,p4_tail,
VERSA108LXP,p4_tail,
matrixh3x,p4_tail,
VR3Abduction12200,p4_tail,
MATRIXG7-S70,p4_tail,
VR3Abdominal12090,p4_tail,
MATRIXG3-S22,p4_tail,
vectra1850,p4_tail,
Ultimate2,p4_tail,
matrixg3,p4_tail,
Ultimate,p4_tail,
matrixe7xisusellip,p4_tail,
matrixe7xesusellip,p4_tail,
UBK885UPRIGHTP82,p4_tail,
matrixe7xe,p4_tail,
UBK885UPRIGHT,p4_tail,
matrixe5xSE,p4_tail,
UBK815UPRIGHT,p4_tail,
matrixe5x,p4_tail,
UBE174,p4_tail,
matrixe3xsusellip,p4_tail,
matrixe3x,p4_tail,
matrixe1x,p4_tail,
MATRIXCONNEXUS,p4_tail,
matrixC7xi,p3_catalog,
matrixc7xe,p1_hero,
matrixc5x,p4_tail,
matrixc3x,p4_tail,
matrixA7xi,p3_catalog,
matrixa7xesu,p4_tail,
matrixa7xe,p4_tail,
matrixa5xsat,p4_tail,
TvarioLED,p4_tail,
matrixA5XAT,p4_tail,
Tvario700ev,p4_tail,
matrixa5x,p4_tail,
Tvario700ea,p4_tail,
MATRIX-TLS-TOUCH,p4_tail,
Tvario700e,p4_tail,
MATRIX-S-ES-TOUCH,p4_tail,
TUFFGHB,p4_tail,
MATRIX-R-PS-TOUCH,p4_tail,
tsynchroforma,p4_tail,
Matrix-MG-A85,p4_tail,
tsynchro700i,p4_tail,
MATRIX-H-PS-TOUCH,p4_tail,
tsynchro700eu,p4_tail,
Matrix-G7-S51,p4_tail,
tsynchro700e,p4_tail,
Matrix-G3-S76,p4_tail,
tsynchro700,p4_tail,
MATRIX-E-LS-TOUCH,p4_tail,
trueztx850,p4_tail,
TRUEVC900E16,p4_tail,
trueTSXa,p4_tail,
MarpoVMX,p4_tail,
truets1,p4_tail,
truePSXe,p4_tail,
trueps900,p4_tail,
trueLC900R,p4_tail,
trueLC900E,p4_tail,
truelc1100,p4_tail,
truees900,p4_tail,
trueCSX,p4_tail,
trueCS900E9,p4_tail,
magub300,p4_tail,
magTBC100,p4_tail,
trueCS900E15,p4_tail,
MagNexStepRecStep,p4_tail,
trueCS900E,p4_tail,
truecs900,p4_tail,
trueCS800U2,p4_tail,
trueCS800U,p4_tail,
MABC,p4_tail,
trueCS800T,p4_tail,
LX8000ts,p4_tail,
truecs600-9lcd,p4_tail,
LX8000,p4_tail,
LFVKRBOSU,p4_tail,
truecs600,p4_tail,
trueCS800E,p4_tail,
lx8000ss,p4_tail,
trueCS8002,p4_tail,
trueCS800,p4_tail,
LX8000ltss,p4_tail,
lftorsor,p4_tail,
truecs6.0LCD,p4_tail,
lft5adv,p4_tail,
truecs550,p4_tail,
trueCS500,p4_tail,
truecs5.0,p4_tail,
LFSYNVERSDAP,p4_tail,
trueCS400,p4_tail,
lfsynrgy360xsversa,p4_tail,
trueCS200,p4_tail,
truealpineti1000,p4_tail,
truealpinet16,p4_tail,
truealpinemerge,p4_tail,
true750r,p4_tail,
LFSSSmithMachine,p4_tail,
true750e,p4_tail,
lfstpowermill,p4_tail,
true825ZTX,p4_tail,
LFSSSP,p4_tail,
LFSSSLC,p4_tail,
true600u,p4_tail,
true550SOFT,p4_tail,
LFSSMJ5,p4_tail,
TRUE-XC900,p4_tail,
TRUE-TLT-16ETC,p4_tail,
LFSSMJ4,p4_tail,
True-TE900,p4_tail,
LFSSLegPress,p4_tail,
True-Spectrum,p4_tail,
LFSSLegExt,p4_tail,
True-LC900-E2W,p4_tail,
LFSSLegCurl,p4_tail,
TRUE-CS900,p4_tail,
LFSSLE,p4_tail,
TRUE-CS400-T10,p4_tail,
LFSSHIPADD,p4_tail,
TRUE-CS400-E,p4_tail,
LFSSHIPABD,p4_tail,
trs4000,p4_tail,
LFSSFZLC,p4_tail,
trs3000,p4_tail,
LFSSFZCE,p4_tail,
TRM815,p4_tail,
LFSSDELT,p4_tail,
LFSSCMRW,p4_tail,
TopXTtopex,p2_core,
LFSSCMPD,p4_tail,
TopXTproUBE,p4_tail,
LFSSCMCSP,p4_tail,
TopXT700u,p4_tail,
LFSSCMCP,p4_tail,
TopXT700e,p4_tail,
LFSSChestPress,p4_tail,
theracycle200,p4_tail,
LFSSBE,p4_tail,
theracycle100,p4_tail,
lfss-tr,p4_tail,
TGTotalAbdominal,p4_tail,
LFSS-RW,p4_tail,
TGSslp,p4_tail,
LFSS-FLY,p4_tail,
lfssadc,p4_tail,
TGVertical,p4_tail,
LFSSABS,p4_tail,
TGUpper,p4_tail,
TGShoulder,p4_tail,
lfsomb,p4_tail,
tgselrotr,p4_tail,
lfsodb,p4_tail,
LFSigLatPull,p4_tail,
TGSELLowBack,p4_tail,
TGSELLegex,p4_tail,
TGSELROTC,p4_tail,
lfsipowermill,p4_tail,
TGSelPM,p4_tail,
TGSELLegCurl,p4_tail,
lfsighilow,p4_tail,
TGSELLatpd,p4_tail,
lfsigfly,p4_tail,
TGSELGLUTE,p4_tail,
LFSFZGLGM,p4_tail,
TGSELDelt,p4_tail,
LFSFZBEBE,p4_tail,
TGSELCDA,p4_tail,
lfsfb,p4_tail,
TGSELArmExt,p4_tail,
LFSEPowermill,p4_tail,
TGSELArmCurl,p4_tail,
lfse3powermill,p2_core,
TGPulley,p4_tail,
lfse3hdpowermill,p4_tail,
tgpsshoulder,p4_tail,
LFSCDLR,p4_tail,
tgpsrow,p4_tail,
lfsac,p4_tail,
tgpschest,p4_tail,
lfrowgx,p4_tail,
tgpscalf,p4_tail,
LFPSFPD,p4_tail,
TGPowerTower,p4_tail,
LFPro2SLegPress,p4_tail,
TGPosterior,p4_tail,
LFPro2Row,p4_tail,
tgmed45dbh,p4_tail,
TGLowRow,p4_tail,
LFPro2P2HG,p4_tail,
TGLegpr,p4_tail,
LFPro2fly,p4_tail,
TGLegex,p4_tail,
LFPro2ACD,p4_tail,
TGElemVertTrac,p4_tail,
LFPro1SmithMachine,p4_tail,
TGElemSP,p4_tail,
LFPro1slp,p4_tail,
TGElemPec,p4_tail,
TGElemLowRow,p4_tail,
LFPro1MH,p4_tail,
TGElemLowBack,p4_tail,
lfpro1bicep,p4_tail,
TGCI,p4_tail,
TGChest,p4_tail,
lfpl,p4_tail,
TGArmCurl,p4_tail,
LFPecFlySig,p4_tail,
LFPro1ACD,p4_tail,
TGChestPress,p4_tail,
LFPowerMill,p4_tail,
TGAnterior,p4_tail,
LFOSX,p4_tail,
TGAdductor,p4_tail,
LFOSSP,p4_tail,
TGAbductor,p4_tail,
LFOSMP,p4_tail,
TGAbdominal,p4_tail,
LFOSLP,p4_tail,
TG26000,p4_tail,
LFOSLE,p4_tail,
TG-ASP-MK69,p4_tail,
lfoshaa,p4_tail,
lfosfly,p4_tail,
lfosdap,p4_tail,
texcite700visio,p4_tail,
texcite700unity,p4_tail,
texcite700,p4_tail,
lfosadj,p4_tail,
texciteLED,p4_tail,
LFOpLPLR,p4_tail,
TEXC700iEStep,p4_tail,
LFMJ5SS-CC,p4_tail,
LFLCGX,p4_tail,
TechUp700Visio,p4_tail,
LFINTXCONSOLE,p4_tail,
TechUp700i,p4_tail,
LFINTSSE,p4_tail,
TechUp700,p4_tail,
LFIntSerStairclimb,p4_tail,
TechUp1000,p4_tail,
LFIntegrityE,p2_core,
techrecforma,p4_tail,
LFIntegrityT,p3_catalog,
techtopxt700e,p4_tail,
LFIntegrityS,p4_tail,
lfintegritycll,p4_tail,
TechRec700i,p4_tail,
lfintegrity-uxconsole,p4_tail,
TechRec700eTV,p4_tail,
lfintegrity-ucconsole,p4_tail,
TechRec700e,p4_tail,
lfintegrity-u,p4_tail,
TechRec700,p4_tail,
LFIC7,p4_tail,
TECHNORADINC,p4_tail,
lfintegrity-rbx,p4_tail,
TechRec1000,p4_tail,
lfintegrity-rbc,p4_tail,
LFIC5,p4_tail,
LFIC3,p4_tail,
TECHNOKINONE,p4_tail,
TECHNOSelectMAB,p4_tail,
lfintegrity-r,p4_tail,
TECHNOSelectADB,p4_tail,
LFINTCCONSOLE,p4_tail,
LFFZLR,p4_tail,
LFFSPec,p4_tail,
technogymunity5000,p4_tail,
LFFSMutliPress,p4_tail,
technogymsynchroexcite,p4_tail,
LFFSLegPress,p4_tail,
LFFSFLY,p4_tail,
technogymskillmill,p1_hero,
LFFSABE,p4_tail,
technogymrunnow,p4_tail,
lffitship,p4_tail,
technogymRUN1000,p4_tail,
technogymartisrun,p4_tail,
lfdisctreadse3,p3_catalog,
technogym900VISIO,p4_tail,
LFDiscTreadSE,p1_hero,
technogym900TV,p4_tail,
lfedse3hd,p4_tail,
technogymllp,p4_tail,
lfdse3hdat,p3_catalog,
technogymJog700V,p4_tail,
LFDSE3AT,p4_tail,
technogymJog700,p4_tail,
LFDiscTreadSI,p4_tail,
lfdiscsiflexstrider,p4_tail,
technogym700LED,p4_tail,
LFDiscSIElliptical,p4_tail,
LFDiscSIUpright,p4_tail,
technogym900,p4_tail,
LFDiscSIRecumbent,p4_tail,
technogym700visio,p4_tail,
technogym700,p4_tail,
LFDiscSEUpright,p4_tail,
technogym600,p4_tail,
technogym500,p4_tail,
LFDiscSERecumbent,p4_tail,
LFDiscSEFlexstrider,p4_tail,
technogym-skillrow,p4_tail,
LFDiscSEElliptical,p3_catalog,
TECHNOGYM-ALE,p4_tail,
lfdiscse3upright,p4_tail,
techmk83,p4_tail,
TechGCSB,p4_tail,
lfdiscse3recumbent,p4_tail,
lfdeclineBench,p4_tail,
techexforma,p4_tail,
LFCSSP,p4_tail,
techelementab,p4_tail,
LFCSHAA,p4_tail,
TechArtisUnity,p4_tail,
LFCSCP,p4_tail,
TECHARTIS,p4_tail,
LFCSBE,p4_tail,
TECH-EV1000-UNITY2,p4_tail,
LFCSA,p4_tail,
TECH-AVE-U3,p2_core,
TECH-ARTISSYNCHRO,p4_tail,
Tech-Artis-Renew,p4_tail,
LFCABLESM22,p4_tail,
TECH-ARTIS-CLIMB,p4_tail,
TECH-45DBHB,p4_tail,
LFCABLEMOT,p3_catalog,
tcw700ev,p4_tail,
tcw700eu,p4_tail,
lfcablecross,p4_tail,
tcw700,p4_tail,
LF90TTread,p4_tail,
TC6000,p4_tail,
lf5500recumbent,p4_tail,
tcw700e,p4_tail,
lf95rexplore,p4_tail,
TC5500,p4_tail,
LF5500HR,p4_tail,
TC5300,p4_tail,
TC5000,p4_tail,
TC3000,p4_tail,
TC20,p4_tail,
TC1000,p4_tail,
LF-SYNRGY360XM,p4_tail,
T70,p4_tail,
t6310,p4_tail,
t631,p4_tail,
t6300,p4_tail,
LF-SigADC,p4_tail,
t5xr,p4_tail,
LF-SE3HDUB,p4_tail,
T55,p4_tail,
LF-SE3HD,p4_tail,
t5,p4_tail,
lf-pmc95ps,p3_catalog,
lf-pcf,p4_tail,
t4r,p4_tail,
T4StackCJ,p4_tail,
LF-IEX,p4_tail,
LF-IRB-SE3HD,p4_tail,
t3old,p4_tail,
LF-IEC,p4_tail,
T1000SPLED,p4_tail,
sxt7000e,p4_tail,
sxt7000,p4_tail,
LF-FXTF-UU,p4_tail,
sx7000,p4_tail,
sx1000,p4_tail,
9878948053308,p4_tail,
LF-FSDAP,p4_tail,
9878947627324,p4_tail,
LF-DSE3LBAT,p4_tail,
LF-DSE3HDLBAT,p4_tail,
9878946349372,p4_tail,
lf-dse3hdelu,p4_tail,
lf-dse3hd95x,p4_tail,
LF-DSE3HD95R,p4_tail,
9878944121148,p4_tail,
lf-dse395x,p4_tail,
9878944710972,p4_tail,
9878943203644,p4_tail,
stottpilatesspx,p4_tail,
lf-dse395fs,p4_tail,
stottpilatesRAR,p4_tail,
lf-9100rc,p4_tail,
9878939992380,p4_tail,
9878939074876,p4_tail,
lcx425t,p4_tail,
landicel8,p4_tail,
9878938321212,p4_tail,
landicee7,p4_tail,
9878935765308,p4_tail,
KITT,p4_tail,
9878932324668,p4_tail,
9878931636540,p4_tail,
9878935142716,p4_tail,
9878934421820,p4_tail,
KIFT,p4_tail,
keiserM7i5210,p4_tail,
keiser3150p,p4_tail,
9878928589116,p4_tail,
9878930129212,p3_catalog,
keiserm3p,p4_tail,
9878929506620,p4_tail,
keiserm3,p4_tail,
9878926754108,p4_tail,
9878925443388,p4_tail,
INT-DSL-ALLXM-11-REM,p4_tail,
9878927311164,p4_tail,
HSSPLC,p4_tail,
hssp,p4_tail,
9878924230972,p4_tail,
HSVKR,p4_tail,
9878923772220,p4_tail,
9878922494268,p4_tail,
HSSM,p4_tail,
hsslp,p4_tail,
9878921380156,p4_tail,
hsslc,p4_tail,
9878920888636,p4_tail,
HSPLSTE,p4_tail,
9878920331580,p4_tail,
HSPLSHC,p4_tail,
HSPLLP,p4_tail,
9878919184700,p4_tail,
STE,p4_tail,
HSPLLHP,p4_tail,
9878918005052,p4_tail,
HSpliso,p4_tail,
HSPLAC,p4_tail,
hspfg,p4_tail,
9878916104508,p4_tail,
HSolympicbench,p4_tail,
HSOIB,p4_tail,
stairmaster5100nsl,p4_tail,
stairmasterAF,p4_tail,
Stairmaster4000pt,p4_tail,
HSOFB,p4_tail,
stairmaster3400ce,p4_tail,
hsmtst,p4_tail,
STAGES-SC3,p4_tail,
hsmtsdp,p4_tail,
9878912663868,p4_tail,
hsmtscp,p4_tail,
9878912172348,p4_tail,
HSMTSbc,p4_tail,
HSMILBENCH,p4_tail,
9878909944124,p4_tail,
hsllp,p4_tail,
9878911549756,p4_tail,
hsmtsac,p4_tail,
9878910763324,p4_tail,
hsle,p4_tail,
HSL45DLP,p4_tail,
9878908010812,p4_tail,
HSJAMMER,p4_tail,
9878907355452,p4_tail,
HSISOshrug,p4_tail,
HSISOPLplcalf,p4_tail,
HSISOPLlsp,p4_tail,
HSISOPLlr,p4_tail,
HSISOPLlbp,p4_tail,
HSISOPLilwc,p4_tail,
HSISOPLILR,p4_tail,
HSISOPLillp,p4_tail,
HSISOPLille,p4_tail,
HSISOPLdp,p4_tail,
HSISOPLbwbe,p4_tail,
HSISOPLilklc,p4_tail,
HSISOPLhr,p4_tail,
HSISOPLbc,p4_tail,
HSISOLR,p4_tail,
HSISOlip,p4_tail,
HSISOLFLP,p4_tail,
hshg,p4_tail,
hshdlpr,p4_tail,
HSHDLMR,p4_tail,
HSHDLHRL,p4_tail,
F3,p4_tail,
ExVibStep,p4_tail,
hshdladj,p4_tail,
F1SMART,p4_tail,
expressoHD,p4_tail,
HSHALFRACK,p4_tail,
expressoGO,p4_tail,
espinner7200,p4_tail,
9878874325308,p4_tail,
espinner,p4_tail,
9878873112892,p4_tail,
HSFWBAR,p4_tail,
EGRB,p4_tail,
hsfpd,p4_tail,
hsFLY,p4_tail,
9878869147964,p4_tail,
EFX883,p3_catalog,
hsadc,p4_tail,
efx885p82,p3_catalog,
hscp,p4_tail,
efx885,p2_core,
hsbwgh,p4_tail,
EFX883P82,p4_tail,
sstriceps,p4_tail,
efx835,p1_hero,
hs-ub75,p4_tail,
ssbicep,p4_tail,
EFX833,p4_tail,
HS-TE,p4_tail,
EFX815,p4_tail,
HS-SSR,p4_tail,
EFX813P10,p4_tail,
HS-PD,p4_tail,
EFX576i,p4_tail,
HS-OFB-OWS,p4_tail,
EFX556V2,p4_tail,
HS-BC,p4_tail,
EFX556NAVY,p4_tail,
EFX556,p4_tail,
hoisthd3400,p4_tail,
EFX556iv4,p4_tail,
HS-ABC,p4_tail,
EFX556iexp,p4_tail,
HoistSM,p4_tail,
efx554i,p4_tail,
EFX546iV4,p4_tail,
EFX546iexp,p4_tail,
EFX546i,p4_tail,
HoistHD1900,p4_tail,
EFX544,p4_tail,
HOISTHD1800,p4_tail,
EFX537,p4_tail,
hoistd400,p4_tail,
EFX536i,p4_tail,
hoistcf3355,p4_tail,
EFX535premium,p4_tail,
HOISTCF2367,p4_tail,
EFX534i,p4_tail,
EFX534,p4_tail,
HOISTCF2355,p4_tail,
EFX533premium,p4_tail,
HOISTCF2179B,p4_tail,
EFX533,p4_tail,
hoist-hd3300,p4_tail,
EFX532iexerience,p4_tail,
HOIST-HD2300,p4_tail,
splle,p4_tail,
EFX531,p4_tail,
EFX524i,p4_tail,
sp-pr,p4_tail,
Hoist-CF3753,p4_tail,
EFX523NV,p4_tail,
sp-ctt,p4_tail,
HOIST-CF3663,p4_tail,
EFX523,p4_tail,
sosr,p4_tail,
SOIB,p4_tail,
hmplcrunch,p4_tail,
SOFB,p4_tail,
hoist-hd1610,p4_tail,
EFX525,p4_tail,
SPLKLC,p4_tail,
hoist-hd1500,p4_tail,
EFX521i,p4_tail,
SMGAUNTLETD1,p4_tail,
EFX519,p4_tail,
HDYB,p4_tail,
smgauntlet8sx,p4_tail,
EFX517i,p4_tail,
SMGAUNTLET8S,p4_tail,
SMGAUNTLET,p4_tail,
EFHDR,p4_tail,
smab,p4_tail,
ECUB200,p4_tail,
SM916,p4_tail,
sm8fc,p4_tail,
SM8,p4_tail,
SM5TSE1,p4_tail,
SM5,p4_tail,
9878802334012,p4_tail,
GravitronCDA,p4_tail,
Gravitron-2000,p4_tail,
sm-sc5ts1,p4_tail,
sm-fc15,p4_tail,
e966i,p4_tail,
e956i,p4_tail,
e954i,p4_tail,
SM-9-4650-REMAN,p4_tail,
e932i,p4_tail,
e846iu,p4_tail,
e846ir,p4_tail,
E8300,p4_tail,
E82RD,p4_tail,
sfRST7000,p4_tail,
sfTC1000,p4_tail,
sfstepone,p1_hero,
sfrexrelliptical,p4_tail,
SFPRO232-INT,p2_core,
sfpro2,p4_tail,
SFPRO1032-INT,p4_tail,
sfpro100int,p4_tail,
sfpro1000,p4_tail,
sfpro100,p4_tail,
sfpro1,p4_tail,
sfllstrainer,p4_tail,
sfiso7000U,p4_tail,
sfiso7000r,p4_tail,
sfiso1000U,p4_tail,
sfiso1000r,p4_tail,
sfiso1000,p4_tail,
SFDC1000,p4_tail,
SFAC7000,p4_tail,
SFAC5000M,p4_tail,
SF-PRO1000-UBE,p4_tail,
SF-ISO7000R,p4_tail,
Scifit-TBRE,p4_tail,
schwinnube,p4_tail,
SCHWINNPSB,p4_tail,
DSL0505,p4_tail,
dpl0560,p4_tail,
dpl0540,p4_tail,
DPL0311,p4_tail,
sc5,p4_tail,
sbe,p4_tail,
sc916,p4_tail,
sabb,p4_tail,
S3y,p4_tail,
S3un,p4_tail,
S3u,p4_tail,
S3r,p4_tail,
g5cable,p4_tail,
FMTricepGZFM6019,p4_tail,
s355,p4_tail,
FMTread8505P,p4_tail,
FMTread8255P,p4_tail,
FMStepGZFM6014,p4_tail,
s325,p4_tail,
FMSR84409,p4_tail,
FMTread790,p4_tail,
FMTK74817,p4_tail,
s345,p4_tail,
FMSquatGZFM6010,p4_tail,
FMShoulderGZFM6001,p4_tail,
s323,p4_tail,
FMShoulderF807,p4_tail,
S2u,p4_tail,
FMSeatedRowF817,p4_tail,
S2r,p4_tail,
FMS119CDIC,p4_tail,
S2,p4_tail,
FMS118CDIC,p4_tail,
RTM500,p4_tail,
FMRtreadmillt229,p4_tail,
ROM,p2_core,
FMRtreadmillt118,p4_tail,
FMRtreadmillt113,p4_tail,
cycleops300,p4_tail,
RevolutionXP,p4_tail,
cybube,p4_tail,
FMRTREADMILLT107,p3_catalog,
CYBModcud,p4_tail,
FMRowGZFM6004,p4_tail,
CybexVRS21040,p4_tail,
FMRinclinei79,p4_tail,
REVOLUTIONFT,p4_tail,
cybexvrs,p4_tail,
FMRinclinei119,p2_core,
cybexvrcalf,p4_tail,
FMProneLegCurlF814,p4_tail,
FMMEX81110,p4_tail,
cybexvr2torsr,p4_tail,
Revolution,p4_tail,
FMLiftGZFM6012,p4_tail,
cybexvr2shopr,p4_tail,
FMLegPressF804,p4_tail,
cybexvr2rotac,p4_tail,
FMLegExtensionF801,p4_tail,
RBK885RecumbentP82,p4_tail,
FMLatGZFM6020,p4_tail,
cybexvr2Raise4530,p4_tail,
RBK885Recumbent,p4_tail,
FMFlyRearDeltF806,p4_tail,
cybexvr2Plegcu,p4_tail,
RBK835UPRIGHT,p4_tail,
FMES812,p4_tail,
RBK835,p4_tail,
cybexvr2mulhp,p4_tail,
FMEL4505P,p4_tail,
RBK815,p4_tail,
cybexvr2lowr,p4_tail,
cybexvr2legpr,p4_tail,
R1,p4_tail,
FMdualcablecross,p4_tail,
cybexvr2legex,p4_tail,
q47xi,p4_tail,
FMCincline7259,p4_tail,
cybexvr2legcu,p4_tail,
q47e,p4_tail,
FMCincline,p4_tail,
Q47ci,p4_tail,
cybexvr2latpu,p4_tail,
FMChestGZFM6000,p4_tail,
q47ce,p4_tail,
cybexvr2hipad,p4_tail,
FMChestF800,p4_tail,
q47,p4_tail,
cybexvr2hipab,p4_tail,
FMBicepGZFM6002,p4_tail,
q45e,p4_tail,
cybexvr2glu,p4_tail,
FMBicepF810,p4_tail,
q45,p4_tail,
cybexvr2FLY4545,p4_tail,
FMAddAbdF809,p4_tail,
q37,p4_tail,
FMAbGZFM60113,p4_tail,
q35e,p4_tail,
cybexvr2chpr,p4_tail,
FM-T109B,p4_tail,
q35,p4_tail,
cybexvr2bacex,p4_tail,
cybexvr2arme,p4_tail,
PROMAXIMA-HLP,p4_tail,
FM-i22-9-IT,p4_tail,
cybexvr2armc,p4_tail,
FM-i119-10HD,p4_tail,
cybexvr2abc,p4_tail,
FM-I109B,p4_tail,
Pro7,p2_core,
cybexVR1slegpr,p4_tail,
Pro6,p4_tail,
CybexVR1MultiPress,p4_tail,
fm-f624,p4_tail,
pro5hpairdaptive,p4_tail,
FitSLPLR,p4_tail,
CybexVR1LESLC,p4_tail,
fitsbitricep,p4_tail,
CybexVR1LatRow,p4_tail,
Pro2SP,p4_tail,
cybexvr1,p4_tail,
cybexrser50l,p4_tail,
Pro2SELAT,p4_tail,
CYBEXROW20030,p4_tail,
Pro2SEte,p4_tail,
CYBEXTORSOROT11190,p4_tail,
Fit3,p4_tail,
Pro2SEslc,p4_tail,
cybexscottcurl,p4_tail,
Pro2SEplc,p4_tail,
CYBEXRUN625T,p4_tail,
Pro2SEle,p4_tail,
cybexrser70t,p4_tail,
Pro2SEAC,p4_tail,
cybexplsmithpress,p4_tail,
Pro2SEA,p4_tail,
Pro2SEChest,p4_tail,
CYBEXROW11030,p4_tail,
Pro2SEbe,p4_tail,
cybexplspnewer,p4_tail,
Pro2SEADD,p4_tail,
cybexplsp,p4_tail,
cybexpl45dlp,p4_tail,
Pro2HipABD,p4_tail,
cybexpl45dlegpr,p4_tail,
Pro2BicepCurl,p4_tail,
CYBEXOPRESS11010,p4_tail,
Pro1shoulder,p4_tail,
Pro1row,p4_tail,
cybexmg500,p4_tail,
Pro1reardeltpec,p4_tail,
CYBEXLSCURL11061,p4_tail,
Pro1pull,p4_tail,
cybexlrd,p4_tail,
cybexlpcurl11141,p4_tail,
pro1prnlegcurl,p4_tail,
CYBEXLEGEXT11051,p4_tail,
Pro1legex,p4_tail,
CYBEXLEG20040,p4_tail,
Pro1legc,p4_tail,
cybexleg11040,p4_tail,
Pro1latpul,p4_tail,
cybexglute11170,p4_tail,
Pro1hlp,p4_tail,
CYBEXGHAA,p4_tail,
pro1hipadd,p4_tail,
Pro1latraise,p4_tail,
CYBEXLATPULL11130,p4_tail,
CYBEXHIP11181,p4_tail,
Pro1hipab,p4_tail,
Pro1fly,p4_tail,
CybexFT450,p4_tail,
Pro1dip,p4_tail,
Pro1chestpress,p4_tail,
cybexflyreardelt,p4_tail,
Pro1armex,p4_tail,
CybexCMH,p4_tail,
CybexFT360,p4_tail,
Pro1back,p4_tail,
cybexfsdca,p4_tail,
Pro1abs,p4_tail,
cybexclassleg,p4_tail,
PREEFX885crp82,p1_hero,
CybexCBE,p4_tail,
PREEFX883crp82,p1_hero,
cybexCAM,p4_tail,
cybexcalf11120,p4_tail,
preefx835crp30,p4_tail,
preefx833crp30,p4_tail,
preefx635crp31,p4_tail,
CybexBP,p4_tail,
CYBEXBACKEXT11101,p4_tail,
preefx425,p4_tail,
CYBEXACURL11070,p4_tail,
precortbarilr,p4_tail,
PrecorRBK815Exp,p4_tail,
preefx225,p4_tail,
PrecorUBK815Exp,p4_tail,
CYBEXACDM,p4_tail,
PrecorTRM823p20,p4_tail,
precormpub,p4_tail,
PrecorLP602,p4_tail,
PrecorLP601,p4_tail,
cybex700,p4_tail,
PrecorLP,p4_tail,
precorilr,p4_tail,
CYBEX625Te3,p4_tail,
precorispr,p4_tail,
Cybex625at,p4_tail,
PrecorISCR,p4_tail,
precoribe,p4_tail,
cybex5341,p4_tail,
CYBEX525Te3,p4_tail,
CYBEX525T,p4_tail,
PrecorIACC,p4_tail,
Cybex525AT,p4_tail,
precori2tsdr,p4_tail,
PrecorEFX524,p4_tail,
CYBEX50A1,p4_tail,
BMsmith,p4_tail,
precorDPL0624,p4_tail,
cybex45dbh,p4_tail,
precorCW-702,p4_tail,
cybex20090,p4_tail,
BioStep2,p4_tail,
bmplr,p4_tail,
cybex4100Hlegpr,p4_tail,
BMPLC,p4_tail,
cybex21461,p4_tail,
precorcw2200,p4_tail,
BMDeclineBench,p4_tail,
cybex21110,p4_tail,
PrecorCW-408,p4_tail,
cybex20050-51,p4_tail,
BioStep,p4_tail,
PrecorC027ES,p4_tail,
BioMed945130,p4_tail,
cybex16180,p4_tail,
PrecorC005ES,p4_tail,
cybex11090,p4_tail,
PrecorC002ES,p4_tail,
BHVP,p4_tail,
PrecorC007ES,p4_tail,
cybex11160,p4_tail,
BGT460XC,p4_tail,
PrecorC012ES,p4_tail,
BioCycle950-120,p4_tail,
cybex16171,p4_tail,
PrecorC010ES,p4_tail,
cybex12070,p4_tail,
cybex11080,p4_tail,
PrecorC001ES,p4_tail,
cybex11020,p4_tail,
PrecorADJAb,p4_tail,
cybex11000,p4_tail,
PrecorAB102,p4_tail,
CYBEX-VRLP,p4_tail,
Precor885V2,p1_hero,
PrecorAb100p,p4_tail,
cybex-rst70t,p4_tail,
precor946iTRM,p4_tail,
cybex-rsrb70t,p4_tail,
cybex-rslbat70t,p4_tail,
CYBEX-POP-21010,p4_tail,
CYBEX-PCP-21000,p4_tail,
CYBEX-NXAE-20080,p4_tail,
Precor885p82,p1_hero,
cybex-maxr,p4_tail,
Precor885,p4_tail,
Precor865V2,p4_tail,
CYBEX-800S-CT,p4_tail,
Precor835,p2_core,
Precor833,p4_tail,
precor781p82,p4_tail,
cyb770cE3,p4_tail,
precor624,p4_tail,
CYBblab,p4_tail,
CYBADJb80,p4_tail,
cyb770c,p4_tail,
PRECOR-ICDA,p4_tail,
CYB750C,p4_tail,
PRECOR-EFX835P31,p4_tail,
cyb625re3,p4_tail,
PRECOR-DSL0619,p4_tail,
cyb625cE3,p4_tail,
PRECOR-DSL0618,p4_tail,
cyb625ae3,p4_tail,
PRECOR-DSL0606,p4_tail,
CYB16031,p4_tail,
PRECOR-DSL0515,p4_tail,
CY530S,p4_tail,
PRECOR-DSL0414,p4_tail,
cx445t,p4_tail,
PRECOR-DSL0314,p4_tail,
ct9100,p4_tail,
PRECOR-DSL0313,p4_tail,
PRECOR-DSL0208,p4_tail,
PRECOR-DSL0204,p4_tail,
10440921809212,p4_tail,
TF-XC900E,p4_tail,
TechRec700unity2,p4_tail,
technogymexcitecrossover3,p4_tail,
PRECOR-CW2222,p4_tail,
LF-PLLLP,p4_tail,
FMRtreadmillt227s,p2_core,
TECHREC700SP,p4_tail,
FMSQUATF610,p4_tail,
PRECOR-IVPD405,p4_tail,
PRECOR-C026ES,p4_tail,
VERSA108LX,p2_core,
HSFWDB,p4_tail,
LFSSUB,p4_tail,
technogymRUN600,p4_tail,
FMRT119TS,p4_tail,
EFX865P62,p4_tail,
MATRIXENS-PLED,p4_tail,
MATRIXENEL-PLED,p4_tail,
EFX863P62,p4_tail,
EFX883P84,p4_tail,
TRUEVC900EMERGE,p4_tail,
MATRIXENUB-PLED,p4_tail,
EFX885P84,p4_tail,
TECH-EV1000-UNITY3,p3_catalog,
TGSynchro1000Unity3,p4_tail,
PRE-AMT835-P31,p4_tail,
TECHARTISUNITY3,p4_tail,
TECH-ARTISSYNCHRO-4,p4_tail,
TRUE-TC900,p4_tail,
TRUE-CS400-EN,p4_tail,
TGSynchro1000Unity,p4_tail,
technogymartisrbunity3,p4_tail,
technogymartisrununity3,p1_hero,
CLUB,p4_tail,
PRE-EFX833-CC-P31,p4_tail,
CLM835p30,p4_tail,
classicshoulder,p4_tail,
CLASSICFLY,p4_tail,
classicchest,p4_tail,
classicbicep,p4_tail,
ClassicAdduction,p4_tail,
ClassicAbduction,p4_tail,
cl109lx,p4_tail,
ppmove,p4_tail,
PPClassicM,p4_tail,
cl108sm,p4_tail,
cl108o,p4_tail,
PP-Pro7HC,p4_tail,
cl108cm,p4_tail,
CABLECROSS,p4_tail,
c966i,p4_tail,
c966,p4_tail,
c956i,p4_tail,
cl108a,p4_tail,
cardiogymcg6,p4_tail,
CADILLAC,p4_tail,
c956,p4_tail,
c846iu,p4_tail,
c846ir,p4_tail,
c954i,p4_tail,
c936i,p4_tail,
c570r,p4_tail,
c530r,p4_tail,
c52r,p4_tail,
c5150,p4_tail,
pneumap,p4_tail,
pneuweightd,p4_tail,
pneuweight,p4_tail,
pneuback,p4_tail,
PMPFT200,p4_tail,
PISmith,p4_tail,
PERSONAL,p4_tail,
parat755t,p4_tail,
paraPL4000,p4_tail,
PARALESF1900,p4_tail,
PARA-XFW5300,p4_tail,
PARA-FS52,p4_tail,
ofq37c,p4_tail,
octanepro3500xl,p4_tail,
AMT865,p4_tail,
OF-Q35X,p4_tail,
amt885p82,p1_hero,
AMT885A,p4_tail,
octanext4700s,p3_catalog,
amt885,p4_tail,
octanepro350,p4_tail,
AMT835openstride,p2_core,
octane4700ts,p4_tail,
AMT835,p4_tail,
octane4700,p4_tail,
AMT100i,p4_tail,
octane3500,p4_tail,
octane450,p4_tail,
octane3700,p4_tail,
OCTANE-xR6xi,p4_tail,
AllegroSport,p4_tail,
OCT-XR6000S-STD,p4_tail,
OCT-XR6000S-SMART,p4_tail,
NT9600,p4_tail,
activatetread,p4_tail,
NEXTGEN,p4_tail,
ABS1003B,p4_tail,
nautilusGRAVITRON,p4_tail,
97ti,p4_tail,
97te,p4_tail,
9700hrtread,p4_tail,
nautilusf2ft,p4_tail,
95xinspire,p4_tail,
NautilusE916,p4_tail,
95xi,p4_tail,
95xengage,p4_tail,
95xe,p4_tail,
95xachieve,p4_tail,
95TI,p2_core,
95tengage,p4_tail,
95TE,p4_tail,
95SI,p4_tail,
95SE,p4_tail,
95RINSPIRE,p4_tail,
95RI,p4_tail,
95RENGAGE,p4_tail,
95RE,p4_tail,
95RACHIEVE,p4_tail,
95LI,p4_tail,
95LE,p4_tail,
95CINSPIRE,p4_tail,
95CI,p4_tail,
95CENGAGE,p4_tail,
95CE,p4_tail,
95CACHIEVE,p4_tail,
95ACHIEVE,p4_tail,
9500HRUPRIGHT,p4_tail,
9500hrtread,p4_tail,
9500hrStepper,p4_tail,
9500HRRECUMBENT2,p4_tail,
9500HRRECUMBENT,p4_tail,
9500HRNGUPRIGHT,p4_tail,
9500HRnext,p4_tail,
9500HRclassic,p4_tail,
93x,p4_tail,
93t,p4_tail,
93r,p4_tail,
93c,p4_tail,
935,p4_tail,
933,p4_tail,
931,p4_tail,
90x,p4_tail,
91xi,p3_catalog,
91x,p4_tail,
91ti,p4_tail,
894E,p4_tail,
881e,p4_tail,
874e,p4_tail,
839e,p4_tail,
828eRobo,p4_tail,
828e,p4_tail,
827e,p4_tail,
776iexp,p4_tail,
776i,p4_tail,
818e,p4_tail,
790TE3,p4_tail,
772AT,p4_tail,
772aE3,p4_tail,
771a,p4_tail,
771AT,p4_tail,
770tE3,p2_core,
770T,p4_tail,
770rE3,p4_tail,
770r,p4_tail,
770atE3,p1_hero,
770at,p2_core,
770aE3,p4_tail,
750r,p4_tail,
770a,p3_catalog,
750T,p4_tail,
750at,p4_tail,
7000PTBLK,p4_tail,
750a,p4_tail,
7000PTSILVER,p4_tail,
7000PT,p4_tail,
630A,p4_tail,
625AT,p4_tail,
625A,p3_catalog,
620A,p4_tail,
61NGG3100,p4_tail,
61ART4100,p4_tail,
600A,p4_tail,
546V3,p4_tail,
546V2,p4_tail,
576I,p4_tail,
556I,p4_tail,
550T,p4_tail,
546V1,p4_tail,
530T,p4_tail,
530R,p4_tail,
530C,p4_tail,
525R,p4_tail,
4600PT-B,p4_tail,
4600PT,p4_tail,
4600clSILVER,p4_tail,
4600CL,p4_tail,
450T,p4_tail,
4400PT,p4_tail,
4400CL,p4_tail,
425A,p4_tail,
4200PT,p4_tail,
360A,p4_tail,
350A,p4_tail,
1650LE,p4_tail,
95tinspire,p2_core,
610A,p4_tail,
