proposal_no,article_title,article_id,current_blog,current_url,proposed_blog,proposed_url,reason
1,Understanding Muscle Fiber Types and Their Crucial Roles in Strength Training,609732821308,news,/blogs/news/understanding-muscle-fiber-types-and-their-crucial-roles-in-strength-training,training-wellness,/blogs/training-wellness/understanding-muscle-fiber-types-and-their-crucial-roles-in-strength-training,Training education not company news
2,10 Rowing Machine Benefits for Full-Body Training,611318956348,news,/blogs/news/rowing-machine-benefits,training-wellness,/blogs/training-wellness/rowing-machine-benefits,Training education not company news
3,Hot Weather Strength Training: 7 Smart Ways to Stay Cool and Build Strength,611651911996,news,/blogs/news/hot-weather-strength-training-tips,training-wellness,/blogs/training-wellness/hot-weather-strength-training-tips,Training education not company news
4,10 Proven Strategies to Beat Workout Burnout and Regain Motivation,611660103996,news,/blogs/news/workout-burnout-recovery-tips,training-wellness,/blogs/training-wellness/workout-burnout-recovery-tips,Training education not company news
5,How Sleep Supercharges Your Fitness Gains,611660464444,news,/blogs/news/sleep-and-fitness-gains,training-wellness,/blogs/training-wellness/sleep-and-fitness-gains,Training education not company news
6,22 Fitness Goals to Crush in 2026 and Build Your Strongest Year Yet,611766305084,news,/blogs/news/fitness-goals-2026,training-wellness,/blogs/training-wellness/fitness-goals-2026,Training education not company news
7,Marcus Filly's Pendulum Squat Workout Guide,613720490300,buying-guides,/blogs/buying-guides/marcus-filly-pendulum-squat-workout-guide,training-wellness,/blogs/training-wellness/marcus-filly-pendulum-squat-workout-guide,Workout guide not a buying guide (named by Tim)
8,How Eliza Uses the French Fitness Weight Sled for Conditioning,613720588604,buying-guides,/blogs/buying-guides/eliza-french-fitness-weight-sled-conditioning,training-wellness,/blogs/training-wellness/eliza-french-fitness-weight-sled-conditioning,Workout guide not a buying guide (named by Tim)
9,Why Your Elliptical Workout Isn't Working: 9 Common Mistakes,609125728572,maintenance,/blogs/maintenance/9-mistakes-youre-making-on-the-elliptical,training-wellness,/blogs/training-wellness/9-mistakes-youre-making-on-the-elliptical,Technique article not equipment maintenance (found in audit; not in Tim's list)
