200	adjustable-cable-crossover-comparison-chart	2	14	72	28
200	bowflex-home-gym-comparison-chart-compare-bowflex-spiraflex-technology-power-rod-technology-fitness-superstore	2	29	216	32
200	bowflex-treadclimber-comparison-chart	2	17	150	36
200	the-best-curved-treadmills-compared-woodway-technogym-and-french-fitness-models	2	17	75	26
200	cybex-arc-trainer-comparison-chart	2	17	210	44
200	cybex-treadmill-comparison-chart	2	20	234	42
200	expresso-fitness-bike-comparison-chart	2	21	209	38
200	first-degree-rower-comparisons-which-rower-is-best-for-me	2	22	200	36
200	french-fitness-home-gym-w-leg-press-comparison-chart	2	18	128	32
200	french-fitness-home-gyms-w-o-leg-press-comparison-chart	2	13	44	24
200	french-fitness-msc10-msc20-fsr10-fsr20-fsr50-fsr60-fsr70-fsr80-fsr90-fsr100-srft8-comparison-chart	2	22	260	42
200	keiser-m3-keiser-m3-keiser-m3i-comparison-chart	2	24	88	24
200	life-fitness-classic-series-console-comparisons	2	18	144	18
200	life-fitness-classic-stride-elliptical-comparison-chart	2	18	144	34
200	life-fitness-elevation-series-console-comparisons	2	16	112	32
200	life-fitness-recumbent-bike-comparison-chart	2	15	156	40
200	life-fitness-stair-stepper-comparison-chart	2	19	85	26
200	life-fitness-treadmill-comparison-chart	2	21	304	48
200	life-fitness-upright-bike-comparison-chart	2	14	144	40
200	matrix-climbmill-comparison-chart	2	47	225	26
200	matrix-console-comparisons-reviews-3x-5x-7xe-7xi	2	24	110	26
200	matrix-elliptical-ascent-trainer-comparison-chart	2	40	494	42
200	matrix-recumbent-bikes-comparison-chart	2	47	225	26
200	matrix-steppers-comparison-chart	2	45	172	24
200	matrix-treadmill-comparison-chart	2	24	176	32
200	matrix-upright-bikes-comparison-chart	2	47	225	26
200	monark-exercise-bikes-comparison-chart	2	27	150	28
200	octane-fitness-elliptical-crosstrainer-comparison-spreadsheet-review-the-octane-elliptical-q35-q35e-q45-and-q45e-side-by-side-fitness-superstore	2	26	120	26
200	power-plate-comparisons	2	31	319	38
200	precor-amt-model-comparison-chart-what-is-open-stride	4	20	103	30
200	precor-5-21s-5-17-5-21si-5-17i-5-19-5-21i-5-23-5-33-home-elliptical-comparison-chart	2	13	99	34
200	precor-comparisons-features-p30-p80-p82-experience-consoles	3	16	98	18
200	precor-elliptical-comparison-chart	2	16	98	30
200	precor-lower-body-elliptical-comparison-chart	2	21	228	40
200	precor-recumbent-bike-comparison-chart	2	15	78	28
200	precor-treadmill-comparison-chart	2	22	220	38
200	precor-upright-bike-comparison-chart	2	15	78	28
200	rowing-machines-comparison-chart	2	17	135	34
200	selectorized-horizontal-leg-press-comparison-chart	2	14	72	28
200	ski-machines-comparison-chart	2	16	56	24
200	sportsart-t665-sportsart-t673l-and-sportsart-t674l-comparison-chart	2	24	88	24
200	stairmaster-stepmill-comparison-chart	2	20	180	36
200	stairmaster-stepper-comparison-chart	2	19	170	36
200	star-trac-treadmill-comparison-chart	2	22	200	36
200	technogym-treadmill-comparison-chart	2	22	200	36
200	true-fitness-treadmill-comparison-chart	2	22	240	40
200	versaclimber-comparison-chart	2	21	209	38
200	woodway-treadmill-comparison-chart	2	21	209	38
