check_type,chart_or_blog,url,http_status,body_words
blog_article,buying-guides,https://www.fitnesssuperstore.com/blogs/buying-guides/apartment-gym-package,200,2852
blog_article,buying-guides,https://www.fitnesssuperstore.com/blogs/buying-guides/benefits-of-acceleration-training-with-the-power-plate-fitness-superstore,200,843
blog_article,buying-guides,https://www.fitnesssuperstore.com/blogs/buying-guides/best-commercial-treadmills-under-5000,200,1979
blog_article,buying-guides,https://www.fitnesssuperstore.com/blogs/buying-guides/best-space-saving-gym-equipment-for-small-spaces-and-apartment-gyms,200,1374
blog_article,buying-guides,https://www.fitnesssuperstore.com/blogs/buying-guides/best-treadmills-for-home,200,3544
blog_article,buying-guides,https://www.fitnesssuperstore.com/blogs/buying-guides/body-bar-starter-package,200,2347
blog_article,buying-guides,https://www.fitnesssuperstore.com/blogs/buying-guides/build-a-starter-functional-fitness-gym-package-4-16-users,200,967
blog_article,buying-guides,https://www.fitnesssuperstore.com/blogs/buying-guides/eliza-french-fitness-weight-sled-conditioning,200,1254
blog_article,buying-guides,https://www.fitnesssuperstore.com/blogs/buying-guides/elliptical-cross-trainers-benefits,200,2135
blog_article,buying-guides,https://www.fitnesssuperstore.com/blogs/buying-guides/heavy-duty-treadmills-500-lb-users,200,1913
blog_article,buying-guides,https://www.fitnesssuperstore.com/blogs/buying-guides/how-to-build-a-home-gym-step-by-step-beginner-friendly-guide,200,457
blog_article,buying-guides,https://www.fitnesssuperstore.com/blogs/buying-guides/how-to-open-a-gym-business-complete-guide,200,2027
blog_article,buying-guides,https://www.fitnesssuperstore.com/blogs/buying-guides/is-a-used-commercial-treadmill-worth-it,200,1617
blog_article,buying-guides,https://www.fitnesssuperstore.com/blogs/buying-guides/kettlebell-set-buying-guide,200,1551
blog_article,buying-guides,https://www.fitnesssuperstore.com/blogs/buying-guides/leasing-vs-buying-commercial-gym-equipment,200,2876
blog_article,buying-guides,https://www.fitnesssuperstore.com/blogs/buying-guides/marcus-filly-pendulum-squat-workout-guide,200,1189
blog_article,buying-guides,https://www.fitnesssuperstore.com/blogs/buying-guides/pros-and-cons-of-buying-remanufactured-treadmills,200,2626
blog_article,buying-guides,https://www.fitnesssuperstore.com/blogs/buying-guides/remanufactured-vs-refurbished-gym-equipment-buyer-s-guide-for-home-commercial-gyms,200,963
blog_article,buying-guides,https://www.fitnesssuperstore.com/blogs/buying-guides/rom-4-minute-workout-machine-history-original-identification,200,2803
blog_article,buying-guides,https://www.fitnesssuperstore.com/blogs/buying-guides/should-you-choose-remanufactured-equipment-or-brand-new-french-fitness-products,200,1545
blog_article,buying-guides,https://www.fitnesssuperstore.com/blogs/buying-guides/starter-gym-package-for-pilates-studio,200,2375
blog_article,buying-guides,https://www.fitnesssuperstore.com/blogs/buying-guides/starter-package-for-yoga-studio,200,2282
blog_article,buying-guides,https://www.fitnesssuperstore.com/blogs/buying-guides/top-cable-machines-for-versatile-workouts,200,2927
blog_article,buying-guides,https://www.fitnesssuperstore.com/blogs/buying-guides/top-commercial-ellipticals-hotels-gyms,200,4339
blog_article,buying-guides,https://www.fitnesssuperstore.com/blogs/buying-guides/top-exercise-bikes-for-small-spaces,200,3147
blog_article,case-studies,https://www.fitnesssuperstore.com/blogs/case-studies/case-study-g4-fitness,200,114
blog_article,case-studies,https://www.fitnesssuperstore.com/blogs/case-studies/case-study-revitalized-fitness,200,119
blog_article,case-studies,https://www.fitnesssuperstore.com/blogs/case-studies/forge-chs-charleston-sc,200,115
blog_article,case-studies,https://www.fitnesssuperstore.com/blogs/case-studies/private-home-gym-northville-mi,200,114
blog_article,case-studies,https://www.fitnesssuperstore.com/blogs/case-studies/svetlana-s-fitness-transformation-journey,200,2634
blog_article,comparisons,https://www.fitnesssuperstore.com/blogs/comparisons/arc-trainer-vs-elliptical-vs-adaptive-motion-trainer-which-one-wins-the-burn,200,2020
blog_article,comparisons,https://www.fitnesssuperstore.com/blogs/comparisons/best-french-fitness-squat-racks-review-and-comparison,200,1279
blog_article,comparisons,https://www.fitnesssuperstore.com/blogs/comparisons/elliptical-vs-treadmill-which-machine-fits-your-fitness-needs,200,3549
blog_article,comparisons,https://www.fitnesssuperstore.com/blogs/comparisons/french-fitness-cable-crossovers-comparison,200,1495
blog_article,comparisons,https://www.fitnesssuperstore.com/blogs/comparisons/french-fitness-dual-adjustable-pulley-functional-trainers-comparison,200,914
blog_article,comparisons,https://www.fitnesssuperstore.com/blogs/comparisons/french-fitness-elliptical-comparison-guide,200,1406
blog_article,comparisons,https://www.fitnesssuperstore.com/blogs/comparisons/french-fitness-treadmill-comparison-guide,200,1403
blog_article,comparisons,https://www.fitnesssuperstore.com/blogs/comparisons/french-fitness-vs-rep-fitness,200,1813
blog_article,comparisons,https://www.fitnesssuperstore.com/blogs/comparisons/french-fitness-vs-rogue-fitness,200,1464
blog_article,comparisons,https://www.fitnesssuperstore.com/blogs/comparisons/french-fitness-vs-titan-fitness,200,2070
blog_article,comparisons,https://www.fitnesssuperstore.com/blogs/comparisons/life-fitness-cmdap-cable-motion-dap-signature-series-vs-french-fitness-ffs-dual-adjustable-pulley,200,737
blog_article,comparisons,https://www.fitnesssuperstore.com/blogs/comparisons/life-fitness-powermills-vs-stair-steppers-vs-summit-trainer,200,720
blog_article,comparisons,https://www.fitnesssuperstore.com/blogs/comparisons/matrix-climbmill-vs-stairmaster-gauntlet-stepmill-vs-life-fitness-powermill-climbers,200,1660
blog_article,comparisons,https://www.fitnesssuperstore.com/blogs/comparisons/power-rack-vs-squat-rack-vs-half-rack,200,1694
blog_article,comparisons,https://www.fitnesssuperstore.com/blogs/comparisons/powerlifting-vs-strongman-differences,200,2031
blog_article,comparisons,https://www.fitnesssuperstore.com/blogs/comparisons/refurbished-vs-new-gym-equipment,200,841
blog_article,comparisons,https://www.fitnesssuperstore.com/blogs/comparisons/smith-machine-vs-squat-rack-pros-cons,200,1528
blog_article,comparisons,https://www.fitnesssuperstore.com/blogs/comparisons/stair-climber-vs-jacobs-ladder,200,1779
blog_article,comparisons,https://www.fitnesssuperstore.com/blogs/comparisons/technogym-console-comparisons,200,326
blog_article,comparisons,https://www.fitnesssuperstore.com/blogs/comparisons/traditional-steam-saunas-vs-infrared-saunas,200,383
blog_article,comparisons,https://www.fitnesssuperstore.com/blogs/comparisons/weight-plates-barbell-and-dumbbell-types-an-in-depth-comparison,200,1079
blog_article,maintenance,https://www.fitnesssuperstore.com/blogs/maintenance/9-mistakes-youre-making-on-the-elliptical,200,1291
blog_article,maintenance,https://www.fitnesssuperstore.com/blogs/maintenance/cleaning-gym-equipment,200,2801
blog_article,maintenance,https://www.fitnesssuperstore.com/blogs/maintenance/elliptical-drive-belt-replacement-guide,200,2235
blog_article,maintenance,https://www.fitnesssuperstore.com/blogs/maintenance/elliptical-problems-and-fixes,200,1850
blog_article,maintenance,https://www.fitnesssuperstore.com/blogs/maintenance/elliptical-resistance-not-adjusting-fix,200,2462
blog_article,maintenance,https://www.fitnesssuperstore.com/blogs/maintenance/fitness-superstore-using-alternators-and-batteries-to-power-fitness-equipment,200,834
blog_article,maintenance,https://www.fitnesssuperstore.com/blogs/maintenance/gym-equipment-environmental-factors,200,2483
blog_article,maintenance,https://www.fitnesssuperstore.com/blogs/maintenance/how-to-calibrate-your-treadmill,200,3331
blog_article,maintenance,https://www.fitnesssuperstore.com/blogs/maintenance/how-to-clean-and-sanitize-gym-equipment-the-ultimate-guide,200,3083
blog_article,maintenance,https://www.fitnesssuperstore.com/blogs/maintenance/how-to-install-a-treadmill-belt-correctly,200,2186
blog_article,maintenance,https://www.fitnesssuperstore.com/blogs/maintenance/how-to-lubricate-a-treadmill-belt,200,2260
blog_article,maintenance,https://www.fitnesssuperstore.com/blogs/maintenance/how-to-maintain-your-treadmill,200,2155
blog_article,maintenance,https://www.fitnesssuperstore.com/blogs/maintenance/treadmill-belt-slipping-simple-fixes,200,4808
blog_article,maintenance,https://www.fitnesssuperstore.com/blogs/maintenance/treadmill-incline-not-working-quick-fix-guide,200,3357
blog_article,maintenance,https://www.fitnesssuperstore.com/blogs/maintenance/treadmill-making-noise-here-s-how-to-stop-it,200,3061
blog_article,maintenance,https://www.fitnesssuperstore.com/blogs/maintenance/treadmill-speed-fluctuating-causes-and-fixes,200,3444
blog_article,maintenance,https://www.fitnesssuperstore.com/blogs/maintenance/treadmill-wont-power-on-step-by-step-diagnosis,200,2550
blog_article,maintenance,https://www.fitnesssuperstore.com/blogs/maintenance/what-causes-console-flickering-or-random-shut-offs,200,1973
blog_article,maintenance,https://www.fitnesssuperstore.com/blogs/maintenance/why-treadmill-stops-suddenly-fix,200,2002
blog_article,news,https://www.fitnesssuperstore.com/blogs/news/benefits-of-aluminum-pulleys-for-fitness-equipment,200,75
blog_article,news,https://www.fitnesssuperstore.com/blogs/news/fitness-goals-2026,200,1817
blog_article,news,https://www.fitnesssuperstore.com/blogs/news/hot-weather-strength-training-tips,200,2268
blog_article,news,https://www.fitnesssuperstore.com/blogs/news/rowing-machine-benefits,200,3458
blog_article,news,https://www.fitnesssuperstore.com/blogs/news/sleep-and-fitness-gains,200,1735
blog_article,news,https://www.fitnesssuperstore.com/blogs/news/understanding-muscle-fiber-types-and-their-crucial-roles-in-strength-training,200,1481
blog_article,news,https://www.fitnesssuperstore.com/blogs/news/why-buyers-choose-french-fitness-and-fitness-superstore,200,1286
blog_article,news,https://www.fitnesssuperstore.com/blogs/news/workout-burnout-recovery-tips,200,1530
blog_article,warranty-shipping,https://www.fitnesssuperstore.com/blogs/warranty-shipping/gym-equipment-delivery-checklist,200,1708
blog_article,warranty-shipping,https://www.fitnesssuperstore.com/blogs/warranty-shipping/what-s-covered-under-your-fitness-superstore-warranty,200,2690
chart_row_product,bowflex-home-gym,https://www.fitnesssuperstore.com/products/bowflex-revolution-ft-functional-training-system-remanufactured,200,
chart_row_product,bowflex-home-gym,https://www.fitnesssuperstore.com/products/bowflex-revolution-home-gym-remanufactured,200,
chart_row_product,bowflex-home-gym,https://www.fitnesssuperstore.com/products/bowflex-revolution-xp-home-gym-remanufactured,200,
chart_row_product,bowflex-treadclimber,https://www.fitnesssuperstore.com/products/bowflex-treadclimber-tc10-remanufactured,200,
chart_row_product,bowflex-treadclimber,https://www.fitnesssuperstore.com/products/bowflex-treadclimber-tc1000-remanufactured,200,
chart_row_product,bowflex-treadclimber,https://www.fitnesssuperstore.com/products/bowflex-treadclimber-tc20-remanufactured,200,
chart_row_product,bowflex-treadclimber,https://www.fitnesssuperstore.com/products/bowflex-treadclimber-tc3000-exercise-machine-remanufactured,200,
chart_row_product,bowflex-treadclimber,https://www.fitnesssuperstore.com/products/bowflex-treadclimber-tc5000-remanufactured,200,
chart_row_product,bowflex-treadclimber,https://www.fitnesssuperstore.com/products/bowflex-treadclimber-tc5300-exercise-equipment-remanufactured,200,
chart_row_product,bowflex-treadclimber,https://www.fitnesssuperstore.com/products/bowflex-treadclimber-tc5500-stair-climber-remanufactured,200,
chart_row_product,bowflex-treadclimber,https://www.fitnesssuperstore.com/products/bowflex-treadclimber-tc6000-stair-machine-remanufactured,200,
chart_row_product,bowflex-home-gym,https://www.fitnesssuperstore.com/products/bowflex-ultimate-2-home-gym-remanufactured,200,
chart_row_product,rowing-machines,https://www.fitnesssuperstore.com/products/concept2-model-c-indoor-rower-w-pm2-console-remanufactured,200,
chart_row_product,rowing-machines,https://www.fitnesssuperstore.com/products/concept2-rowerg-indoor-rower-w-pm5-console-new,200,
chart_row_product,ski-machines,https://www.fitnesssuperstore.com/products/concept2-skierg-w-pm5-console-new,200,
chart_row_product,cybex-treadmill,https://www.fitnesssuperstore.com/products/cybex-450t-treadmill-remanufactured,200,
chart_row_product,cybex-treadmill,https://www.fitnesssuperstore.com/products/cybex-525t-treadmill-remanufactured,200,
chart_row_product,cybex-treadmill,https://www.fitnesssuperstore.com/products/cybex-525t-treadmill-w-e3-console-remanufactured,200,
chart_row_product,cybex-treadmill,https://www.fitnesssuperstore.com/products/cybex-530t-pro-plus-stableflex-treadmill-remanufactured,200,
chart_row_product,cybex-treadmill,https://www.fitnesssuperstore.com/products/cybex-550t-treadmill-remanufactured,200,
chart_row_product,cybex-arc-trainer,https://www.fitnesssuperstore.com/products/cybex-600a-arc-trainer-remanufactured,200,
chart_row_product,cybex-arc-trainer,https://www.fitnesssuperstore.com/products/cybex-610a-arc-trainer-remanufactured,200,
chart_row_product,cybex-arc-trainer,https://www.fitnesssuperstore.com/products/cybex-620a-arc-trainer-remanufactured,200,
chart_row_product,cybex-arc-trainer,https://www.fitnesssuperstore.com/products/cybex-625a-arc-trainer-w-standard-console-remanufactured,200,
chart_row_product,cybex-arc-trainer,https://www.fitnesssuperstore.com/products/cybex-625at-arc-trainer-w-e3-console-remanufactured,200,
chart_row_product,cybex-arc-trainer,https://www.fitnesssuperstore.com/products/cybex-625at-arc-trainer-w-standard-console-remanufactured,200,
chart_row_product,cybex-treadmill,https://www.fitnesssuperstore.com/products/cybex-625t-treadmill-remanufactured,200,
chart_row_product,cybex-treadmill,https://www.fitnesssuperstore.com/products/cybex-625t-treadmill-w-e3-console-remanufactured,200,
chart_row_product,cybex-arc-trainer,https://www.fitnesssuperstore.com/products/cybex-630a-arc-trainer-remanufactured,200,
chart_row_product,cybex-arc-trainer,https://www.fitnesssuperstore.com/products/cybex-750a-lower-body-arc-trainer-remanufactured,200,
chart_row_product,cybex-arc-trainer,https://www.fitnesssuperstore.com/products/cybex-750at-total-body-arc-trainer-remanufactured,200,
chart_row_product,cybex-treadmill,https://www.fitnesssuperstore.com/products/cybex-750t-treadmill-remanufactured,200,
chart_row_product,cybex-arc-trainer,https://www.fitnesssuperstore.com/products/cybex-770a-arc-trainer-w-standard-console-remanufactured,200,
chart_row_product,cybex-arc-trainer,https://www.fitnesssuperstore.com/products/cybex-770a-lower-body-arc-trainer-w-e3-console-remanufactured,200,
chart_row_product,cybex-arc-trainer,https://www.fitnesssuperstore.com/products/cybex-770at-arc-trainer-w-standard-console-remanufactured,200,
chart_row_product,cybex-arc-trainer,https://www.fitnesssuperstore.com/products/cybex-770at-total-body-arc-trainer-w-e3-console-remanufactured,200,
chart_row_product,cybex-treadmill,https://www.fitnesssuperstore.com/products/cybex-770t-treadmill-remanufactured,200,
chart_row_product,cybex-treadmill,https://www.fitnesssuperstore.com/products/cybex-770t-treadmill-w-e3-console-remanufactured,200,
chart_row_product,leg-press,https://www.fitnesssuperstore.com/products/cybex-classic-4100-horizontal-leg-press-remanufactured,200,
chart_row_product,cybex-treadmill,https://www.fitnesssuperstore.com/products/cybex-cx-445t-treadmill-remanufactured,200,
chart_row_product,cybex-treadmill,https://www.fitnesssuperstore.com/products/cybex-lcx-425t-treadmill-remanufactured,200,
chart_row_product,expresso-bike,https://www.fitnesssuperstore.com/products/expresso-fitness-hd-recumbent-bike-hdr-remanufactured,200,
chart_row_product,expresso-bike,https://www.fitnesssuperstore.com/products/expresso-fitness-hd-upright-bike-hdu-remanufactured,200,
chart_row_product,expresso-bike,https://www.fitnesssuperstore.com/products/expresso-fitness-hd-youth-bike-hdy-remanufactured,200,
chart_row_product,expresso-bike,https://www.fitnesssuperstore.com/products/expresso-fitness-s2-upright-exercise-bike-remanufactured,200,
chart_row_product,expresso-bike,https://www.fitnesssuperstore.com/products/expresso-fitness-s2r-recumbent-exercise-bike-remanufactured,200,
chart_row_product,expresso-bike,https://www.fitnesssuperstore.com/products/expresso-fitness-s2u-upright-exercise-bike-remanufactured,200,
chart_row_product,expresso-bike,https://www.fitnesssuperstore.com/products/expresso-fitness-s3r-recumbent-exercise-bike-remanufactured,200,
chart_row_product,expresso-bike,https://www.fitnesssuperstore.com/products/expresso-fitness-s3u-novo-upright-bike-remanufactured,200,
chart_row_product,expresso-bike,https://www.fitnesssuperstore.com/products/expresso-fitness-s3u-upright-exercise-bike-remanufactured,200,
chart_row_product,expresso-bike,https://www.fitnesssuperstore.com/products/expresso-fitness-s3y-youth-upright-bike-remanufactured,200,
chart_row_product,first-degree-rower,https://www.fitnesssuperstore.com/products/first-degree-fitness-viking-pro-v-indoor-rower-new,200,
chart_row_product,first-degree-rower,https://www.fitnesssuperstore.com/products/first-degree-fitness-viking-pro-xl-rower-new,200,
chart_row_product,curved-treadmills,https://www.fitnesssuperstore.com/products/french-fitness-ct100-manual-curve-treadmill-w-aluminum-belt-new,200,
chart_row_product,curved-treadmills,https://www.fitnesssuperstore.com/products/french-fitness-ct80-manual-curve-treadmill-w-resistance-new,200,
chart_row_product,rowing-machines,https://www.fitnesssuperstore.com/products/french-fitness-ff-ar-air-rower-new,200,
chart_row_product,ski-machines,https://www.fitnesssuperstore.com/products/french-fitness-ff-ski-ski-exercise-machine-w-air-resistance-new,200,
chart_row_product,adjustable-cable-crossover,https://www.fitnesssuperstore.com/products/french-fitness-ffb-black-adjustable-cable-crossover-new,200,
chart_row_product,adjustable-cable-crossover,https://www.fitnesssuperstore.com/products/french-fitness-ffs-silver-adjustable-cable-crossover-new,200,
chart_row_product,ff-msc-fsr,https://www.fitnesssuperstore.com/products/french-fitness-fsr10-multi-cable-functional-smith-rack-machine-new,200,
chart_row_product,ff-msc-fsr,https://www.fitnesssuperstore.com/products/french-fitness-fsr100-cb-commercial-cable-smith-rack-w-counter-balance-new,200,
chart_row_product,ff-msc-fsr,https://www.fitnesssuperstore.com/products/french-fitness-fsr100-commercial-functional-smith-rack-system-new,200,
chart_row_product,ff-msc-fsr,https://www.fitnesssuperstore.com/products/french-fitness-fsr20-multi-functional-gym-system-plate-loaded-new,200,
chart_row_product,ff-msc-fsr,https://www.fitnesssuperstore.com/products/french-fitness-fsr50-dual-cable-smith-rack-home-gym-new,200,
chart_row_product,ff-msc-fsr,https://www.fitnesssuperstore.com/products/french-fitness-fsr60-smith-cable-squat-rack-gym-machine-new,200,
chart_row_product,ff-msc-fsr,https://www.fitnesssuperstore.com/products/french-fitness-fsr70-dual-cable-smith-half-rack-system-new,200,
chart_row_product,ff-msc-fsr,https://www.fitnesssuperstore.com/products/french-fitness-fsr80-functional-trainer-smith-rack-gym-system-new,200,
chart_row_product,ff-msc-fsr,https://www.fitnesssuperstore.com/products/french-fitness-fsr90-functional-trainer-smith-squat-rack-machine-new,200,
chart_row_product,ff-msc-fsr,https://www.fitnesssuperstore.com/products/french-fitness-msc10-multi-function-squat-cage-smith-new,200,
chart_row_product,ff-msc-fsr,https://www.fitnesssuperstore.com/products/french-fitness-msc20-counter-balanced-multi-smith-cable-machine-new,200,
chart_row_product,leg-press,https://www.fitnesssuperstore.com/products/french-fitness-shasta-selectorized-horizontal-leg-press-new,200,
chart_row_product,ff-msc-fsr,https://www.fitnesssuperstore.com/products/french-fitness-srft8-squat-rack-functional-trainer-new,200,
chart_row_product,leg-press,https://www.fitnesssuperstore.com/products/french-fitness-tahoe-selectorized-horizontal-leg-press-new,200,
chart_row_product,rowing-machines,https://www.fitnesssuperstore.com/products/french-fitness-wr80-water-rowing-rower-machine-w-resistance-new,200,
chart_row_product,ff-home-gym-leg-press,https://www.fitnesssuperstore.com/products/french-fitness-x12-4-station-functional-trainer-home-gym-system-new,200,
chart_row_product,ff-home-gym-leg-press,https://www.fitnesssuperstore.com/products/french-fitness-x2-corner-home-gym-system-silver-new,200,
chart_row_product,ff-home-gym-leg-press,https://www.fitnesssuperstore.com/products/french-fitness-x4-functional-gym-system-w-leg-press-silver-new,200,
chart_row_product,ff-home-gym-leg-press,https://www.fitnesssuperstore.com/products/french-fitness-x5-5-station-multi-gym-system-v2-new,200,
chart_row_product,ff-home-gym-no-leg-press,https://www.fitnesssuperstore.com/products/french-fitness-x7-multi-home-gym-w-functional-arms-new,200,
chart_row_product,ff-home-gym-leg-press,https://www.fitnesssuperstore.com/products/french-fitness-x7lp-multi-home-gym-w-leg-press-new,200,
chart_row_product,ff-home-gym-no-leg-press,https://www.fitnesssuperstore.com/products/french-fitness-x8-multi-station-gym-system-new,200,
chart_row_product,ff-home-gym-leg-press,https://www.fitnesssuperstore.com/products/french-fitness-x8-xl-multi-station-gym-system-red-black-new,200,
chart_row_product,ff-home-gym-no-leg-press,https://www.fitnesssuperstore.com/products/french-fitness-x9-functional-multi-gym-system-new,200,
chart_row_product,ff-home-gym-leg-press,https://www.fitnesssuperstore.com/products/french-fitness-x9lp-functional-multi-gym-system-w-leg-press-new,200,
chart_row_product,keiser-m3,https://www.fitnesssuperstore.com/products/keiser-m3-indoor-cycle-remanufactured,200,
chart_row_product,keiser-m3,https://www.fitnesssuperstore.com/products/keiser-m3-indoor-cycle-w-computer-remanufactured,200,
chart_row_product,lf-treadmill,https://www.fitnesssuperstore.com/products/life-fitness-90t-treadmill-remanufactured,200,
chart_row_product,lf-treadmill,https://www.fitnesssuperstore.com/products/life-fitness-91ti-treadmill-remanufactured,200,
chart_row_product,lf-classic-stride,https://www.fitnesssuperstore.com/products/life-fitness-91x-elliptical-cross-trainer-remanufactured,200,
chart_row_product,lf-classic-stride,https://www.fitnesssuperstore.com/products/life-fitness-91xi-elliptical-cross-trainer-remanufactured,200,
chart_row_product,lf-upright,https://www.fitnesssuperstore.com/products/life-fitness-93c-upright-bike-remanufactured,200,
chart_row_product,lf-recumbent,https://www.fitnesssuperstore.com/products/life-fitness-93r-recumbent-bike-remanufactured,200,
chart_row_product,lf-treadmill,https://www.fitnesssuperstore.com/products/life-fitness-93t-classic-treadmill-remanufactured,200,
chart_row_product,lf-stair-stepper,https://www.fitnesssuperstore.com/products/life-fitness-9500hr-next-gen-stair-stepper-remanufactured,200,
chart_row_product,lf-classic-stride,https://www.fitnesssuperstore.com/products/life-fitness-9500hr-next-generation-elliptical-remanufactured,200,
chart_row_product,lf-recumbent,https://www.fitnesssuperstore.com/products/life-fitness-9500hr-next-generation-recumbent-bike-remanufactured,200,
chart_row_product,lf-treadmill,https://www.fitnesssuperstore.com/products/life-fitness-9500hr-next-generation-treadmill-remanufactured,200,
chart_row_product,lf-upright,https://www.fitnesssuperstore.com/products/life-fitness-9500hr-next-generation-upright-bike-remanufactured,200,
chart_row_product,lf-recumbent,https://www.fitnesssuperstore.com/products/life-fitness-9500hr-recumbent-bike-remanufactured,200,
chart_row_product,lf-upright,https://www.fitnesssuperstore.com/products/life-fitness-9500hr-upright-bike-remanufactured,200,
chart_row_product,lf-upright,https://www.fitnesssuperstore.com/products/life-fitness-95c-achieve-upright-bike-remanufactured,200,
chart_row_product,lf-upright,https://www.fitnesssuperstore.com/products/life-fitness-95c-engage-upright-bike-remanufactured,200,
chart_row_product,lf-upright,https://www.fitnesssuperstore.com/products/life-fitness-95c-inspire-upright-bike-remanufactured,200,
chart_row_product,lf-upright,https://www.fitnesssuperstore.com/products/life-fitness-95ce-upright-bike-remanufactured,200,
chart_row_product,lf-upright,https://www.fitnesssuperstore.com/products/life-fitness-95ci-upright-bike-remanufactured,200,
chart_row_product,lf-recumbent,https://www.fitnesssuperstore.com/products/life-fitness-95r-achieve-recumbent-bike-remanufactured,200,
chart_row_product,lf-recumbent,https://www.fitnesssuperstore.com/products/life-fitness-95r-engage-recumbent-bike-remanufactured,200,
chart_row_product,lf-recumbent,https://www.fitnesssuperstore.com/products/life-fitness-95r-inspire-recumbent-bike-remanufactured,200,
chart_row_product,lf-recumbent,https://www.fitnesssuperstore.com/products/life-fitness-95re-recumbent-bike-remanufactured,200,
chart_row_product,lf-recumbent,https://www.fitnesssuperstore.com/products/life-fitness-95ri-recumbent-bike-remanufactured,200,
chart_row_product,lf-stair-stepper,https://www.fitnesssuperstore.com/products/life-fitness-95se-stair-stepper-remanufactured,200,
chart_row_product,lf-stair-stepper,https://www.fitnesssuperstore.com/products/life-fitness-95si-stair-stepper-remanufactured,200,
chart_row_product,lf-treadmill,https://www.fitnesssuperstore.com/products/life-fitness-95t-achieve-treadmill-remanufactured,200,
chart_row_product,lf-treadmill,https://www.fitnesssuperstore.com/products/life-fitness-95t-engage-treadmill-remanufactured,200,
chart_row_product,lf-treadmill,https://www.fitnesssuperstore.com/products/life-fitness-95t-inspire-treadmill-remanufactured,200,
chart_row_product,lf-treadmill,https://www.fitnesssuperstore.com/products/life-fitness-95te-treadmill-remanufactured,200,
chart_row_product,lf-treadmill,https://www.fitnesssuperstore.com/products/life-fitness-95ti-treadmill-remanufactured,200,
chart_row_product,lf-treadmill,https://www.fitnesssuperstore.com/products/life-fitness-9700hr-next-generation-treadmill-remanufactured,200,
chart_row_product,lf-treadmill,https://www.fitnesssuperstore.com/products/life-fitness-97te-treadmill-remanufactured,200,
chart_row_product,lf-treadmill,https://www.fitnesssuperstore.com/products/life-fitness-97ti-treadmill-remanufactured,200,
chart_row_product,lf-classic-stride,https://www.fitnesssuperstore.com/products/life-fitness-club-series-elliptical-cross-trainer-remanufactured,200,
chart_row_product,lf-classic-stride,https://www.fitnesssuperstore.com/products/life-fitness-ct-9100-elliptical-cross-trainer-remanufactured,200,
chart_row_product,lf-classic-stride,https://www.fitnesssuperstore.com/products/life-fitness-ct9500hr-classic-style-elliptical-remanufactured,200,
chart_row_product,lf-upright,https://www.fitnesssuperstore.com/products/life-fitness-discover-se-95c-elevation-upright-bike-remanufactured,200,
chart_row_product,lf-recumbent,https://www.fitnesssuperstore.com/products/life-fitness-discover-se-95r-elevation-recumbent-bike-remanufactured,200,
chart_row_product,lf-treadmill,https://www.fitnesssuperstore.com/products/life-fitness-discover-se-95t-elevation-treadmill-remanufactured,200,
chart_row_product,lf-upright,https://www.fitnesssuperstore.com/products/life-fitness-discover-si-95c-elevation-upright-bike-remanufactured,200,
chart_row_product,lf-recumbent,https://www.fitnesssuperstore.com/products/life-fitness-discover-si-95r-elevation-recumbent-bike-remanufactured,200,
chart_row_product,lf-treadmill,https://www.fitnesssuperstore.com/products/life-fitness-discover-si-95t-elevation-treadmill-remanufactured,200,
chart_row_product,lf-stair-stepper,https://www.fitnesssuperstore.com/products/life-fitness-integrity-clss-stair-stepper-remanufactured,200,
chart_row_product,lf-upright,https://www.fitnesssuperstore.com/products/life-fitness-integrity-series-clsc-upright-bike-remanufactured,200,
chart_row_product,lf-recumbent,https://www.fitnesssuperstore.com/products/life-fitness-integrity-series-clsr-recumbent-bike-remanufactured,200,
chart_row_product,lf-classic-stride,https://www.fitnesssuperstore.com/products/life-fitness-integrity-series-elliptical-clsx-remanufactured,200,
chart_row_product,lf-treadmill,https://www.fitnesssuperstore.com/products/life-fitness-integrity-series-treadmill-clst-remanufactured,200,
chart_row_product,leg-press,https://www.fitnesssuperstore.com/products/life-fitness-pro-pro1-horizontal-leg-press-remanufactured,200,
chart_row_product,rowing-machines,https://www.fitnesssuperstore.com/products/life-fitness-row-gx-water-rower-remanufactured,200,
chart_row_product,adjustable-cable-crossover,https://www.fitnesssuperstore.com/products/life-fitness-signature-cable-crossover-cmaco-remanufactured,200,
chart_row_product,adjustable-cable-crossover,https://www.fitnesssuperstore.com/products/life-fitness-signature-mj-fixed-hi-low-cable-crossover-remanufactured,200,
chart_row_product,lf-classic-stride,https://www.fitnesssuperstore.com/products/life-fitness-x9i-elliptical-crosstrainer-black-remanufactured,200,
chart_row_product,matrix-elliptical-ascent,https://www.fitnesssuperstore.com/products/matrix-a5x-suspension-ascent-trainer-black-display-remanufactured,200,
chart_row_product,matrix-elliptical-ascent,https://www.fitnesssuperstore.com/products/matrix-a7xe-ascent-trainer-remanufactured,200,
chart_row_product,matrix-elliptical-ascent,https://www.fitnesssuperstore.com/products/matrix-a7xe-suspension-ascent-trainer-remanufactured,200,
chart_row_product,matrix-elliptical-ascent,https://www.fitnesssuperstore.com/products/matrix-a7xi-suspension-ascent-trainer-remanufactured,200,
chart_row_product,matrix-climbmill,https://www.fitnesssuperstore.com/products/matrix-c3x-climbmill-remanufactured,200,
chart_row_product,matrix-climbmill,https://www.fitnesssuperstore.com/products/matrix-c5x-climbmill-remanufactured,200,
chart_row_product,matrix-climbmill,https://www.fitnesssuperstore.com/products/matrix-c7xe-climbmill-remanufactured,200,
chart_row_product,matrix-climbmill,https://www.fitnesssuperstore.com/products/matrix-c7xi-climbmill-remanufactured,200,
chart_row_product,matrix-elliptical-ascent,https://www.fitnesssuperstore.com/products/matrix-e1x-elliptical-remanufactured,200,
chart_row_product,matrix-elliptical-ascent,https://www.fitnesssuperstore.com/products/matrix-e3x-elliptical-remanufactured,200,
chart_row_product,matrix-elliptical-ascent,https://www.fitnesssuperstore.com/products/matrix-e3x-suspension-elliptical-remanufactured,200,
chart_row_product,matrix-elliptical-ascent,https://www.fitnesssuperstore.com/products/matrix-e5x-elliptical-remanufactured,200,
chart_row_product,matrix-elliptical-ascent,https://www.fitnesssuperstore.com/products/matrix-e7xe-elliptical-remanufactured,200,
chart_row_product,matrix-elliptical-ascent,https://www.fitnesssuperstore.com/products/matrix-e7xe-suspension-elliptical-remanufactured,200,
chart_row_product,matrix-elliptical-ascent,https://www.fitnesssuperstore.com/products/matrix-e7xi-suspension-elliptical-remanufactured,200,
chart_row_product,rowing-machines,https://www.fitnesssuperstore.com/products/matrix-indoor-rower-w-lcd-console-remanufactured,200,
chart_row_product,matrix-elliptical-ascent,https://www.fitnesssuperstore.com/products/matrix-mx-a5x-ascent-trainer-remanufactured,200,
chart_row_product,matrix-treadmill,https://www.fitnesssuperstore.com/products/matrix-mx-t5-treadmill-remanufactured,200,
chart_row_product,matrix-recumbent,https://www.fitnesssuperstore.com/products/matrix-r3x-recumbent-bike-older-style-remanufactured,200,
chart_row_product,matrix-recumbent,https://www.fitnesssuperstore.com/products/matrix-r5x-recumbent-bike-remanufactured,200,
chart_row_product,matrix-recumbent,https://www.fitnesssuperstore.com/products/matrix-r7xe-recumbent-bike-remanufactured,200,
chart_row_product,matrix-recumbent,https://www.fitnesssuperstore.com/products/matrix-r7xi-recumbent-bike-remanufactured,200,
chart_row_product,matrix-steppers,https://www.fitnesssuperstore.com/products/matrix-s3x-stepper-remanufactured,200,
chart_row_product,matrix-steppers,https://www.fitnesssuperstore.com/products/matrix-s7xe-stepper-remanufactured,200,
chart_row_product,matrix-steppers,https://www.fitnesssuperstore.com/products/matrix-s7xi-stepper-remanufactured,200,
chart_row_product,matrix-treadmill,https://www.fitnesssuperstore.com/products/matrix-t1x-treadmill-remanufactured,200,
chart_row_product,matrix-treadmill,https://www.fitnesssuperstore.com/products/matrix-t3x-treadmill-remanufactured,200,
chart_row_product,matrix-treadmill,https://www.fitnesssuperstore.com/products/matrix-t5x-treadmill-newer-style-remanufactured,200,
chart_row_product,matrix-treadmill,https://www.fitnesssuperstore.com/products/matrix-t5x-treadmill-older-style-remanufactured,200,
chart_row_product,matrix-treadmill,https://www.fitnesssuperstore.com/products/matrix-t7xe-treadmill-remanufactured,200,
chart_row_product,matrix-treadmill,https://www.fitnesssuperstore.com/products/matrix-t7xi-treadmill-remanufactured,200,
chart_row_product,matrix-upright,https://www.fitnesssuperstore.com/products/matrix-u3x-upright-bike-remanufactured,200,
chart_row_product,matrix-upright,https://www.fitnesssuperstore.com/products/matrix-u5x-upright-bike-newer-style-remanufactured,200,
chart_row_product,matrix-upright,https://www.fitnesssuperstore.com/products/matrix-u7xe-upright-bike-remanufactured,200,
chart_row_product,matrix-upright,https://www.fitnesssuperstore.com/products/matrix-u7xi-upright-bike-remanufactured,200,
chart_row_product,monark,https://www.fitnesssuperstore.com/products/monark-818e-ergomedic-fitness-bike-remanufactured,200,
chart_row_product,monark,https://www.fitnesssuperstore.com/products/monark-828e-ergomedic-microfit-robobike-bike-remanufactured,200,
chart_row_product,monark,https://www.fitnesssuperstore.com/products/monark-839e-electronic-test-bike-w-o-console-remanufactured,200,
chart_row_product,monark,https://www.fitnesssuperstore.com/products/monark-894e-anaerobic-wingate-ergometer-remanufactured,200,
chart_row_product,monark,https://www.fitnesssuperstore.com/products/monark-exercise-874e-ergomedic-exercise-bike-remanufactured,200,
chart_row_product,octane-q,https://www.fitnesssuperstore.com/products/octane-fitness-q35-elliptical-remanufactured,200,
chart_row_product,octane-q,https://www.fitnesssuperstore.com/products/octane-fitness-q35e-elliptical-trainer-remanufactured,200,
chart_row_product,octane-q,https://www.fitnesssuperstore.com/products/octane-fitness-q45-elliptical-trainer-remanufactured,200,
chart_row_product,octane-q,https://www.fitnesssuperstore.com/products/octane-fitness-q45e-elliptical-crosstrainer-remanufactured,200,
chart_row_product,power-plate,https://www.fitnesssuperstore.com/products/power-plate-my3-acceleration-trainer-remanufactured,200,
chart_row_product,power-plate,https://www.fitnesssuperstore.com/products/power-plate-my5-vibration-platform-remanufactured,200,
chart_row_product,power-plate,https://www.fitnesssuperstore.com/products/power-plate-my7-remanufactured,200,
chart_row_product,power-plate,https://www.fitnesssuperstore.com/products/power-plate-next-generation-acceleration-trainer-remanufactured,200,
chart_row_product,power-plate,https://www.fitnesssuperstore.com/products/power-plate-personal-vibration-trainer-remanufactured,200,
chart_row_product,power-plate,https://www.fitnesssuperstore.com/products/power-plate-pro5-airdaptive-hp-remanufactured,200,
chart_row_product,power-plate,https://www.fitnesssuperstore.com/products/power-plate-pro5-airdaptive-vibration-trainer-remanufactured,200,
chart_row_product,power-plate,https://www.fitnesssuperstore.com/products/power-plate-pro5-vibration-trainer-remanufactured,200,
chart_row_product,power-plate,https://www.fitnesssuperstore.com/products/power-plate-pro6-with-promotion-remanufactured,200,
chart_row_product,power-plate,https://www.fitnesssuperstore.com/products/power-plate-pro7-remanufactured,200,
chart_row_product,precor-recumbent,https://www.fitnesssuperstore.com/products/precor-846i-r-experience-recumbent-exercise-bike-remanufactured,200,
chart_row_product,precor-upright,https://www.fitnesssuperstore.com/products/precor-846i-u-experience-upright-exercise-bike-remanufactured,200,
chart_row_product,precor-treadmill,https://www.fitnesssuperstore.com/products/precor-932i-experience-treadmill-remanufactured,200,
chart_row_product,precor-treadmill,https://www.fitnesssuperstore.com/products/precor-946i-commercial-experience-treadmill-remanufactured,200,
chart_row_product,precor-treadmill,https://www.fitnesssuperstore.com/products/precor-956i-experience-treadmill-remanufactured,200,
chart_row_product,precor-treadmill,https://www.fitnesssuperstore.com/products/precor-966i-experience-treadmill-remanufactured,200,
chart_row_product,precor-amt,https://www.fitnesssuperstore.com/products/precor-amt-100i-adaptive-motion-trainer-remanufactured,200,
chart_row_product,precor-elliptical-DUP,https://www.fitnesssuperstore.com/products/precor-amt-100i-adaptive-motion-trainer-remanufactured,200,
chart_row_product,precor-amt,https://www.fitnesssuperstore.com/products/precor-amt-835-w-p30-console-w-o-open-stride-remanufactured,200,
chart_row_product,precor-elliptical-DUP,https://www.fitnesssuperstore.com/products/precor-amt-835-w-p30-console-w-o-open-stride-remanufactured,200,
chart_row_product,precor-amt,https://www.fitnesssuperstore.com/products/precor-amt-835-with-open-stride-w-p30-console-remanufactured,200,
chart_row_product,precor-elliptical-DUP,https://www.fitnesssuperstore.com/products/precor-amt-835-with-open-stride-w-p30-console-remanufactured,200,
chart_row_product,precor-amt,https://www.fitnesssuperstore.com/products/precor-amt-885-w-p80-console-w-o-open-stride-remanufactured,200,
chart_row_product,precor-elliptical-DUP,https://www.fitnesssuperstore.com/products/precor-amt-885-w-p80-console-w-o-open-stride-remanufactured,200,
chart_row_product,precor-amt,https://www.fitnesssuperstore.com/products/precor-amt-885-with-open-stride-w-p80-console-remanufactured,200,
chart_row_product,precor-elliptical-DUP,https://www.fitnesssuperstore.com/products/precor-amt-885-with-open-stride-w-p80-console-remanufactured,200,
chart_row_product,precor-amt,https://www.fitnesssuperstore.com/products/precor-amt-885-with-open-stride-w-p82-console-remanufactured,200,
chart_row_product,precor-elliptical-DUP,https://www.fitnesssuperstore.com/products/precor-amt-885-with-open-stride-w-p82-console-remanufactured,200,
chart_row_product,precor-recumbent,https://www.fitnesssuperstore.com/products/precor-c846i-recumbent-exercise-bike-remanufactured,200,
chart_row_product,precor-upright,https://www.fitnesssuperstore.com/products/precor-c846i-upright-exercise-bike-remanufactured,200,
chart_row_product,precor-treadmill,https://www.fitnesssuperstore.com/products/precor-commercial-954i-experience-treadmill-remanufactured,200,
chart_row_product,precor-home-elliptical,https://www.fitnesssuperstore.com/products/precor-efx-5-17-elliptical-cross-trainer-remanufactured,200,
chart_row_product,precor-home-elliptical,https://www.fitnesssuperstore.com/products/precor-efx-5-17i-elliptical-cross-trainer-remanufactured,200,
chart_row_product,precor-home-elliptical,https://www.fitnesssuperstore.com/products/precor-efx-5-19-elliptical-cross-trainer-remanufactured,200,
chart_row_product,precor-home-elliptical,https://www.fitnesssuperstore.com/products/precor-efx-5-21i-elliptical-cross-trainer-remanufactured,200,
chart_row_product,precor-home-elliptical,https://www.fitnesssuperstore.com/products/precor-efx-5-21s-elliptical-cross-trainer-remanufactured,200,
chart_row_product,precor-home-elliptical,https://www.fitnesssuperstore.com/products/precor-efx-5-21si-elliptical-cross-trainer-remanufactured,200,
chart_row_product,precor-home-elliptical,https://www.fitnesssuperstore.com/products/precor-efx-5-23-elliptical-w-stationary-arms-remanufactured,200,
chart_row_product,precor-home-elliptical,https://www.fitnesssuperstore.com/products/precor-efx-5-33-premium-series-elliptical-remanufactured,200,
chart_row_product,precor-lower-body-elliptical,https://www.fitnesssuperstore.com/products/precor-efx-546-hr-version-3-cordless-elliptical-remanufactured,200,
chart_row_product,precor-lower-body-elliptical,https://www.fitnesssuperstore.com/products/precor-efx-546-v1-elliptical-cross-trainer-remanufactured,200,
chart_row_product,precor-lower-body-elliptical,https://www.fitnesssuperstore.com/products/precor-efx-546hr-version-2-elliptical-cross-trainer-remanufactured,200,
chart_row_product,precor-lower-body-elliptical,https://www.fitnesssuperstore.com/products/precor-efx-546i-experience-elliptical-cross-trainer-remanufactured,200,
chart_row_product,precor-lower-body-elliptical,https://www.fitnesssuperstore.com/products/precor-efx-546i-v3-elliptical-cross-trainer-remanufactured,200,
chart_row_product,precor-lower-body-elliptical,https://www.fitnesssuperstore.com/products/precor-efx-546i-v4-pre-experience-elliptical-remanufactured,200,
chart_row_product,precor-lower-body-elliptical,https://www.fitnesssuperstore.com/products/precor-efx-833-elliptical-crosstrainer-w-p30-console-remanufactured,200,
chart_row_product,precor-lower-body-elliptical,https://www.fitnesssuperstore.com/products/precor-efx-833-elliptical-w-converging-crossramp-p30-console-remanufactured,200,
chart_row_product,precor-lower-body-elliptical,https://www.fitnesssuperstore.com/products/precor-efx-883-elliptical-cross-trainer-w-p80-console-remanufactured,200,
chart_row_product,precor-lower-body-elliptical,https://www.fitnesssuperstore.com/products/precor-efx-883-elliptical-crosstrainer-w-p82-console-remanufactured,200,
chart_row_product,precor-lower-body-elliptical,https://www.fitnesssuperstore.com/products/precor-efx-883-elliptical-w-converging-crossramp-p82-console-remanufactured,200,
chart_row_product,adjustable-cable-crossover,https://www.fitnesssuperstore.com/products/precor-icarian-adjustable-cable-crossover-remanufactured,200,
chart_row_product,precor-recumbent,https://www.fitnesssuperstore.com/products/precor-rbk-815-recumbent-bike-w-p10-console-remanufactured,200,
chart_row_product,precor-recumbent,https://www.fitnesssuperstore.com/products/precor-rbk-835-recumbent-bike-w-p30-console-remanufactured,200,
chart_row_product,precor-recumbent,https://www.fitnesssuperstore.com/products/precor-rbk-885-recumbent-bike-w-p80-console-remanufactured,200,
chart_row_product,precor-treadmill,https://www.fitnesssuperstore.com/products/precor-trm-823-treadmill-w-p20-console-remanufactured,200,
chart_row_product,precor-treadmill,https://www.fitnesssuperstore.com/products/precor-trm-833-treadmill-w-p30-console-remanufactured,200,
chart_row_product,precor-treadmill,https://www.fitnesssuperstore.com/products/precor-trm-835-v2-treadmill-w-p30-console-remanufactured,200,
chart_row_product,precor-treadmill,https://www.fitnesssuperstore.com/products/precor-trm-885-treadmill-w-p82-console-remanufactured,200,
chart_row_product,precor-treadmill,https://www.fitnesssuperstore.com/products/precor-trm-885-v1-treadmill-w-p80-console-remanufactured,200,
chart_row_product,precor-upright,https://www.fitnesssuperstore.com/products/precor-ubk-815-upright-bike-w-p10-console-remanufactured,200,
chart_row_product,precor-upright,https://www.fitnesssuperstore.com/products/precor-ubk-835-upright-bike-w-p30-console-remanufactured,200,
chart_row_product,precor-upright,https://www.fitnesssuperstore.com/products/precor-ubk-885-upright-bike-w-p80-console-remanufactured,200,
chart_row_product,leg-press,https://www.fitnesssuperstore.com/products/promaxima-horizontal-leg-press-remanufactured,200,
chart_row_product,sportsart,https://www.fitnesssuperstore.com/products/sportsart-t665-essentials-series-cardio-treadmill-new,200,
chart_row_product,sportsart,https://www.fitnesssuperstore.com/products/sportsart-t673l-prime-eco-natural-treadmill-new,200,
chart_row_product,sportsart,https://www.fitnesssuperstore.com/products/sportsart-t674l-eco-natural-elite-treadmill-new,200,
chart_row_product,stairmaster-stepper,https://www.fitnesssuperstore.com/products/stairmaster-4000pt-stepper-remanufactured,200,
chart_row_product,stairmaster-stepper,https://www.fitnesssuperstore.com/products/stairmaster-4200pt-stepper-remanufactured,200,
chart_row_product,stairmaster-stepper,https://www.fitnesssuperstore.com/products/stairmaster-4400cl-stair-stepper-w-black-console-remanufactured,200,
chart_row_product,stairmaster-stepper,https://www.fitnesssuperstore.com/products/stairmaster-4400pt-stair-stepper-w-black-console-remanufactured,200,
chart_row_product,stairmaster-stepmill,https://www.fitnesssuperstore.com/products/stairmaster-7000pt-stepmill-w-black-console-remanufactured,200,
chart_row_product,stairmaster-stepmill,https://www.fitnesssuperstore.com/products/stairmaster-7000pt-stepmill-w-blue-console-remanufactured,200,
chart_row_product,stairmaster-stepmill,https://www.fitnesssuperstore.com/products/stairmaster-7000pt-stepmill-w-silver-console-remanufactured,200,
chart_row_product,stairmaster-stepper,https://www.fitnesssuperstore.com/products/stairmaster-free-climber-4600cl-stepper-w-blue-console-remanufactured,200,
chart_row_product,stairmaster-stepper,https://www.fitnesssuperstore.com/products/stairmaster-free-climber-4600pt-stepper-w-blue-console-remanufactured,200,
chart_row_product,stairmaster-stepmill,https://www.fitnesssuperstore.com/products/stairmaster-gauntlet-stepmill-w-lcd-d-1-console-remanufactured,200,
chart_row_product,stairmaster-stepmill,https://www.fitnesssuperstore.com/products/stairmaster-gauntlet-stepmill-w-ts1-touch-screen-remanufactured,200,
chart_row_product,stairmaster-stepper,https://www.fitnesssuperstore.com/products/stairmaster-sc5-stepper-remanufactured,200,
chart_row_product,stairmaster-stepper,https://www.fitnesssuperstore.com/products/stairmaster-sc5-stepper-w-ts1-touch-screen-tv-remanufactured,200,
chart_row_product,stairmaster-stepper,https://www.fitnesssuperstore.com/products/stairmaster-sc916-stepper-remanufactured,200,
chart_row_product,stairmaster-stepmill,https://www.fitnesssuperstore.com/products/stairmaster-sm5-stepmill-w-lcd-d-1-console-remanufactured,200,
chart_row_product,stairmaster-stepmill,https://www.fitnesssuperstore.com/products/stairmaster-sm916-stepmill-remanufactured,200,
chart_row_product,bowflex-treadclimber,https://www.fitnesssuperstore.com/products/stairmaster-treadclimber-5-remanufactured,200,
chart_row_product,star-trac,https://www.fitnesssuperstore.com/products/star-trac-5600-pro-commercial-treadmill-remanufactured,200,
chart_row_product,star-trac,https://www.fitnesssuperstore.com/products/star-trac-7600-pro-treadmill-remanufactured,200,
chart_row_product,star-trac,https://www.fitnesssuperstore.com/products/star-trac-e-tr-e-series-treadmill-remanufactured,200,
chart_row_product,star-trac,https://www.fitnesssuperstore.com/products/star-trac-e-tre-touch-screen-treadmill-remanufactured,200,
chart_row_product,star-trac,https://www.fitnesssuperstore.com/products/star-trac-e-trx-treadmill-remanufactured,200,
chart_row_product,star-trac,https://www.fitnesssuperstore.com/products/star-trac-e-trxe-treadmill-9-9051-musapo-remanufactured,200,
chart_row_product,star-trac,https://www.fitnesssuperstore.com/products/star-trac-s-trx-treadmill-remanufactured,200,
chart_row_product,star-trac,https://www.fitnesssuperstore.com/products/star-trac-tr-4000-treadmill-remanufactured,200,
chart_row_product,star-trac,https://www.fitnesssuperstore.com/products/star-trac-tr-4500-treadmill-remanufactured,200,
chart_row_product,technogym-treadmill,https://www.fitnesssuperstore.com/products/technogym-exc-jog-700-treadmill-led-remanufactured,200,
chart_row_product,technogym-treadmill,https://www.fitnesssuperstore.com/products/technogym-exc-run-500-treadmill-led-remanufactured,200,
chart_row_product,technogym-treadmill,https://www.fitnesssuperstore.com/products/technogym-exc-run-700-treadmill-w-led-remanufactured,200,
chart_row_product,technogym-treadmill,https://www.fitnesssuperstore.com/products/technogym-exc-run-700-treadmill-w-tv-remanufactured,200,
chart_row_product,technogym-treadmill,https://www.fitnesssuperstore.com/products/technogym-exc-run-700-treadmill-w-visioweb-remanufactured,200,
chart_row_product,technogym-treadmill,https://www.fitnesssuperstore.com/products/technogym-exc-run-900-treadmill-led-remanufactured,200,
chart_row_product,technogym-treadmill,https://www.fitnesssuperstore.com/products/technogym-exc-run-900-treadmill-w-tv-remanufactured,200,
chart_row_product,technogym-treadmill,https://www.fitnesssuperstore.com/products/technogym-exc-run-900-treadmill-w-visioweb-remanufactured,200,
chart_row_product,technogym-treadmill,https://www.fitnesssuperstore.com/products/technogym-run-600-xt-pro-treadmill-remanufactured,200,
chart_row_product,curved-treadmills,https://www.fitnesssuperstore.com/products/technogym-skillmill-the-curved-treadmill-remanufactured,200,
chart_row_product,rowing-machines,https://www.fitnesssuperstore.com/products/technogym-skillrow-remanufactured,200,
chart_row_product,rowing-machines,https://www.fitnesssuperstore.com/products/throwdown-hiit-rower-9-4850-kintp0-new,200,
chart_row_product,ski-machines,https://www.fitnesssuperstore.com/products/throwdown-hiit-ski-9-4890-kintp0-new,200,
chart_row_product,true-fitness,https://www.fitnesssuperstore.com/products/true-fitness-825-ztx-treadmill-remanufactured,200,
chart_row_product,true-fitness,https://www.fitnesssuperstore.com/products/true-fitness-cs-5-0-treadmill-remanufactured,200,
chart_row_product,true-fitness,https://www.fitnesssuperstore.com/products/true-fitness-cs-6-0-lcd-treadmill-remanufactured,200,
chart_row_product,true-fitness,https://www.fitnesssuperstore.com/products/true-fitness-cs500-treadmill-remanufactured,200,
chart_row_product,true-fitness,https://www.fitnesssuperstore.com/products/true-fitness-cs550-treadmill-w-lcd-remanufactured,200,
chart_row_product,true-fitness,https://www.fitnesssuperstore.com/products/true-fitness-cs800-treadmill-remanufactured,200,
chart_row_product,true-fitness,https://www.fitnesssuperstore.com/products/true-fitness-lc1100-treadmill-remanufactured,200,
chart_row_product,true-fitness,https://www.fitnesssuperstore.com/products/true-fitness-ps900-treadmill-remanufactured,200,
chart_row_product,true-fitness,https://www.fitnesssuperstore.com/products/true-fitness-tc900-treadmill-w-envision-console-remanufactured,200,
chart_row_product,true-fitness,https://www.fitnesssuperstore.com/products/true-fitness-ztx-850-treadmill-remanufactured,200,
chart_row_product,versaclimber,https://www.fitnesssuperstore.com/products/versaclimber-cl-108a-stair-climber-remanufactured,200,
chart_row_product,versaclimber,https://www.fitnesssuperstore.com/products/versaclimber-cl-108cm-club-model-remanufactured,200,
chart_row_product,versaclimber,https://www.fitnesssuperstore.com/products/versaclimber-cl-108lx-versa-climber-remanufactured,200,
chart_row_product,versaclimber,https://www.fitnesssuperstore.com/products/versaclimber-cl-108o-versa-climber-remanufactured,200,
chart_row_product,versaclimber,https://www.fitnesssuperstore.com/products/versaclimber-cl-108sm-sport-model-remanufactured,200,
chart_row_product,versaclimber,https://www.fitnesssuperstore.com/products/versaclimber-cl-109o-versa-climber-remanufactured,200,
chart_row_product,versaclimber,https://www.fitnesssuperstore.com/products/versaclimber-exervibe-stepper-remanufactured,200,
chart_row_product,curved-treadmills,https://www.fitnesssuperstore.com/products/woodway-curve-treadmill-remanufactured,200,
chart_row_product,woodway,https://www.fitnesssuperstore.com/products/woodway-curve-treadmill-remanufactured,200,
chart_row_product,woodway,https://www.fitnesssuperstore.com/products/woodway-desmo-elite-treadmill-remanufactured,200,
chart_row_product,woodway,https://www.fitnesssuperstore.com/products/woodway-desmo-evo-treadmill-remanufactured,200,
chart_row_product,woodway,https://www.fitnesssuperstore.com/products/woodway-desmo-s-treadmill-remanufactured,200,
chart_row_product,woodway,https://www.fitnesssuperstore.com/products/woodway-ecomill-manual-treadmill-remanufactured,200,
chart_row_product,woodway,https://www.fitnesssuperstore.com/products/woodway-force-treadmill-remanufactured,200,
chart_row_product,woodway,https://www.fitnesssuperstore.com/products/woodway-mercury-treadmill-remanufactured,200,
chart_row_product,woodway,https://www.fitnesssuperstore.com/products/woodway-path-55-treadmill-remanufactured,200,
chart_row_product,woodway,https://www.fitnesssuperstore.com/products/woodway-pro-treadmill-remanufactured,200,
chart_row_product,stairmaster-stepmill,https://www.fitnesssuperstore.com/products/stairmaster-sm5-stepmill-tse-1-w-10-touch-screen-remanufactured,404,
chart_row_product,true-fitness,https://www.fitnesssuperstore.com/products/true-fitness-cs900-treadmill-w-emerge-console-remanufactured,301,
