feed,id,title,product_id,vendor,condition_state,feed_condition,expected_condition,defect
bingshoppingnew (Bing main feed),NAU-9NAS130960AGS,Nautilus Impact Standing Calf 9NA-S1309-60AGS (New),9879261446460,Nautilus,New,New,new,wrong case
bingshoppingnew (Bing main feed),BSLDR300,Body-Solid R300 Endurance Rower (New),9879260365116,Body-Solid,New,New,new,wrong case
bingshoppingnew (Bing main feed),mxj30602s,"GoldenDesigns MX-J306-02S Maxxus ""Alpine"" Dual Techology Low EMF FAR IR Sauna (N",9879230611772,GoldenDesigns,New,New,new,wrong case
bingshoppingnew (Bing main feed),MX-S206-01-FS-PC,GoldenDesigns S-Line MX-S206-01-FS-PC Maxxus Full Spectrum Infrared Sauna - Paci,9879224516924,GoldenDesigns,New,New,new,wrong case
bingshoppingnew (Bing main feed),MX-S206-01-ULEMF-Elite,GoldenDesigns S-Line MX-S206-01-ULEMF-Elite Maxxus Ultra Low EMF FAR Infrared Sa,9879225205052,GoldenDesigns,New,New,new,wrong case
bingshoppingnew (Bing main feed),MX-S206-01,GoldenDesigns S-Line MX-S206-01 Maxxus Low EMF FAR Infrared Sauna Canadian Hemlo,9879223894332,GoldenDesigns,New,New,new,wrong case
bingshoppingnew (Bing main feed),MX-S106-01-ULEMF-Elite,GoldenDesigns S-Line MX-S106-01-ULEMF-Elite Maxxus Ultra Low EMF FAR Infrared Sa,9879223206204,GoldenDesigns,New,New,new,wrong case
bingshoppingnew (Bing main feed),MX-S106-01,GoldenDesigns S-Line MX-S106-01 Maxxus Low EMF FAR Infrared Sauna Canadian Hemlo,9879222550844,GoldenDesigns,New,New,new,wrong case
bingshoppingnew (Bing main feed),MX-M356-01-FS-CED,GoldenDesigns MX-M356-01-FS CED Maxxus 3-Person Corner Full Spectrum Near Zero E,9879221764412,GoldenDesigns,New,New,new,wrong case
bingshoppingnew (Bing main feed),MX-K406-01C,GoldenDesigns MX-K406-01 Red Cedar LEMF Maxxus Far IR Sauna (New),9879218585916,GoldenDesigns,New,New,new,wrong case
bingshoppingnew (Bing main feed),MX-M306-01-FS-CED,GoldenDesigns MX-M306-01-FS CED Canadian Red Cedar Maxxus 3 Person Full Spectrum,9879220945212,GoldenDesigns,New,New,new,wrong case
bingshoppingnew (Bing main feed),MX-M206-01-FS-CED,GoldenDesigns MX-M206-01-FS CED Canadian Red Cedar Maxxus 2 Person Full Spectrum,9879220126012,GoldenDesigns,New,New,new,wrong case
bingshoppingnew (Bing main feed),MX-K406-01-ZF-CED,GoldenDesigns MX-K406-01-ZF CED Maxxus 4 Person Near Zero EMF FAR Infrared Sauna,9879217668412,GoldenDesigns,New,New,new,wrong case
bingshoppingnew (Bing main feed),FFB-PSLP,French Fitness FFB Black Pendulum Squat Leg Press Machine (New),9879215046972,French Fitness,New,New,new,wrong case
bingshoppingnew (Bing main feed),MX-K406-01-ZF,GoldenDesigns MX-K406-01-ZF Hemlock Maxxus 4 Person Near Zero EMF FAR Infrared S,9879216783676,GoldenDesigns,New,New,new,wrong case
bingshoppingnew (Bing main feed),MX-K406-01,GoldenDesigns MX-K406-01 Hemlock LEMF Maxxus Far IR Sauna (New),9879215964476,GoldenDesigns,New,New,new,wrong case
bingshoppingnew (Bing main feed),MX-K356-01C,GoldenDesigns MX-K356-01 Red Cedar LEMF Maxxus Far IR Sauna (New),9879215079740,GoldenDesigns,New,New,new,wrong case
bingshoppingnew (Bing main feed),MX-K356-01-ZF-CED,GoldenDesigns MX-K356-01-ZF CED Canadian Red Cedar Maxxus 3 Person Corner Near Z,9879213998396,GoldenDesigns,New,New,new,wrong case
bingshoppingnew (Bing main feed),MX-K356-01-ZF,GoldenDesigns MX-K356-01-ZF Hemlock Maxxus 3 Person Corner Near Zero EMF FAR Inf,9879213113660,GoldenDesigns,New,New,new,wrong case
bingshoppingnew (Bing main feed),MX-K306-01-ZF-CED,GoldenDesigns MX-K306-01-ZF CED Canadian Red Cedar Maxxus 3 Person Near Zero EMF,9879210295612,GoldenDesigns,New,New,new,wrong case
bingshoppingnew (Bing main feed),MX-K356-01,GoldenDesigns MX-K356-01 Hemlock LEMF Maxxus Far IR Sauna (New),9879212196156,GoldenDesigns,New,New,new,wrong case
bingshoppingnew (Bing main feed),MX-K306-01C,GoldenDesigns MX-K306-01 Red Cedar LEMF Maxxus Far IR Sauna (New),9879211376956,GoldenDesigns,New,New,new,wrong case
bingshoppingnew (Bing main feed),MX-K306-01-ZF,GoldenDesigns MX-K306-01-ZF Hemlock Maxxus 3 Person Near Zero EMF FAR Infrared S,9879209574716,GoldenDesigns,New,New,new,wrong case
bingshoppingnew (Bing main feed),MX-K306-01,GoldenDesigns MX-K306-01 Hemlock LEMF Maxxus Far IR Sauna (New),9879208558908,GoldenDesigns,New,New,new,wrong case
bingshoppingnew (Bing main feed),MX-K206-01-ZF,GoldenDesigns MX-K206-01-ZF Hemlock Maxxus 2 Person Near Zero EMF FAR Infrared S,9879205904700,GoldenDesigns,New,New,new,wrong case
bingshoppingnew (Bing main feed),FFB-LSC,French Fitness FFB Black Leverage Squat & Calf Machine (New),9879202365756,French Fitness,New,New,new,wrong case
bingshoppingnew (Bing main feed),MX-K206-01,GoldenDesigns MX-K206-01 Hemlock LEMF Maxxus Far IR Sauna (New),9879204856124,GoldenDesigns,New,New,new,wrong case
bingshoppingnew (Bing main feed),MX-J306-01-ZF,GoldenDesigns MX-J306-01-ZF Maxxus Bellevue 3 Person Near Zero EMF FAR Infrared ,9879204036924,GoldenDesigns,New,New,new,wrong case
bingshoppingnew (Bing main feed),MX-J306-01,"GoldenDesigns MX-J306-01 Canadian Hemlock Maxxus ""Bellevue"" 3 Person Low EMF FAR",9879203152188,GoldenDesigns,New,New,new,wrong case
bingshoppingnew (Bing main feed),MX-J206-02S,GoldenDesigns MX-J206-02S Maxxus 2-Person Low EMF FAR Infrared Sauna (New),9879202267452,GoldenDesigns,New,New,new,wrong case
bingshoppingnew (Bing main feed),MX-J206-01-ZF,GoldenDesigns MX-J206-01-ZF Maxxus Seattle 2 Person Near Zero EMF FAR Infrared S,9879201186108,GoldenDesigns,New,New,new,wrong case
bingshoppingnew (Bing main feed),MX-J206-01,GoldenDesigns MX-J206-01 Hemlock LEMF Maxxus Far IR Sauna (New),9879200268604,GoldenDesigns,New,New,new,wrong case
bingshoppingnew (Bing main feed),maxicam-2tsdr,"Maxicam 2 Tier Saddle Dumbbell Rack w/5-50 Ivanko Dumbbell Set - 9 Pairs ""As is""",9879184408892,Muscle D,As is,Used,used,wrong case (used)
bingshoppingnew (Bing main feed),FFB-360XL,French Fitness FFB Black 360XL Energy Group Training System (New),9879165141308,French Fitness,New,New,new,wrong case
bingshoppingnew (Bing main feed),TS-M,VersaClimber TS-Magnetic (New),9879127490876,Versaclimber,New,New,new,wrong case
bingshoppingnew (Bing main feed),MarpoFTT,Marpo Kinetics Functional Tire Trainer (New),9879116579132,Marpo Kinetics,New,New,new,wrong case
bingshoppingnew (Bing main feed),FF-EBR9,French Fitness 9 Ball Exercise / Stability Ball Rack EBR9 (New),9879109075260,French Fitness,New,New,new,wrong case
bingshoppingnew (Bing main feed),FF-WR80,French Fitness WR80 Water Rowing Rower Machine w/Resistance (New),9879091085628,French Fitness,New,New,new,wrong case
bingshoppingnew (Bing main feed),FF-VC200,French Fitness VC200 Vertical Climbing Climber Machine (New),9879034790204,French Fitness,New,New,new,wrong case
bingshoppingnew (Bing main feed),TFWDT,Trueform Walking Desk Non-Motorized Treadmill (New),9879028728124,Trueform,New,New,new,wrong case
bingshoppingnew (Bing main feed),TFPT,Trueform Performance Non-Motorized Treadmill (New),9879027810620,Trueform,New,New,new,wrong case
bingshoppingnew (Bing main feed),TFLRT,Trueform Low-Rider Non-Motorized Treadmill (New),9879027056956,Trueform,New,New,new,wrong case
bingshoppingnew (Bing main feed),TFET,Trueform Enduro Non-Motorized Treadmill (New),9879025549628,Trueform,New,New,new,wrong case
bingshoppingnew (Bing main feed),FF-AR,French Fitness FF-AR Air Rower (New),9878929310012,French Fitness,New,New,new,wrong case
bingshoppingnew (Bing main feed),FF-SKI,French Fitness FF-SKI Ski Exercise Machine w/Air Resistance (New),9878909911356,French Fitness,New,New,new,wrong case
bingshoppingnew (Bing main feed),FF-SC600,French Fitness Stair Climber Stepper SC600 (New),9878880026940,French Fitness,New,New,new,wrong case
bingshoppingnew (Bing main feed),SRM,Versaclimber SRM Sport Rehab Model (New),9878859186492,Versaclimber,New,New,new,wrong case
bingshoppingnew (Bing main feed),SM-M,Versaclimber SM-M Magnetic Cardio Climber (New),9878798926140,Versaclimber,New,New,new,wrong case
bingshoppingnew (Bing main feed),GDI-B024-01,Golden Designs GDI-B024-01 Zurich 4 Person Barrel with Bronze Privacy View - Tra,9878797680956,GoldenDesigns,New,New,new,wrong case
bingshoppingnew (Bing main feed),GDI-B004-01,Golden Designs GDI-B004-01 Arosa 4 Person Barrel Traditional Sauna - Pacific Ced,9878795813180,GoldenDesigns,New,New,new,wrong case
bingshoppingnew (Bing main feed),GDI-B002-01,Golden Designs GDI-B002-01 St. Moritz 2 Person Barrel Traditional Sauna - Pacifi,9878794928444,GoldenDesigns,New,New,new,wrong case
bingshoppingnew (Bing main feed),GDI-8506-01,Golden Designs GDI-8506-01 Kaarina 6 Person Outdoor Traditional Sauna - Canadian,9878792012092,GoldenDesigns,New,New,new,wrong case
bingshoppingnew (Bing main feed),GDI-8526-01,Golden Designs GDI-8526-01 Kaskinen 6 Person Hybrid (PureTech Full Spectrum IR o,9878793519420,GoldenDesigns,New,New,new,wrong case
bingshoppingnew (Bing main feed),SM-8FC-16-ATSC,"StairMaster 8 Series Freeclimber w/16"" Embedded Display - Black (New)",9878788440380,Stairmaster,New,New,new,wrong case
bingshoppingnew (Bing main feed),GDI-8330-01,Golden Designs GDI-8330-01 Soria Near Zero EMF Full Spectrum and Harvia Traditio,9878789751100,GoldenDesigns,New,New,new,wrong case
bingshoppingnew (Bing main feed),GDI-8260-01,GoldenDesigns Reserve Edition GDI-8260-01 Full Spectrum with Himalayan Salt Bar ,9878789194044,GoldenDesigns,New,New,new,wrong case
bingshoppingnew (Bing main feed),GDI-8230-01,GoldenDesigns Reserve Edition GDI-8230-01 Full Spectrum with Himalayan Salt Bar ,9878788538684,GoldenDesigns,New,New,new,wrong case
bingshoppingnew (Bing main feed),GDI-8226-01,Golden Designs GDI-8226-01 Karlstad 6 Person Outdoor-Indoor PureTech Hybrid Full,9878787916092,GoldenDesigns,New,New,new,wrong case
bingshoppingnew (Bing main feed),GDI-8503-01,Golden Designs GDI-8503-01 Savonlinna 3 Person Outdoor Traditional Sauna - Canad,9878791192892,GoldenDesigns,New,New,new,wrong case
bingshoppingnew (Bing main feed),GDI-8360-01,Golden Designs GDI-8360-01 Toledo Near Zero EMF Full Spectrum and Harvia Traditi,9878790471996,GoldenDesigns,New,New,new,wrong case
bingshoppingnew (Bing main feed),dyn644001,"GoldenDesigns DYN-6440-01 Dynamic ""Bergamo"" Low EMF Far Infrared Sauna (New)",9878787227964,GoldenDesigns,New,New,new,wrong case
bingshoppingnew (Bing main feed),GDI-8223-01,Golden Designs GDI-8223-01 Visby 3 Person Outdoor-Indoor PureTech Hybrid Full Sp,9878787162428,GoldenDesigns,New,New,new,wrong case
bingshoppingnew (Bing main feed),GDI-8222-01,Golden Designs GDI-8222-01 Nora 2 Person Outdoor-Indoor PureTech Hybrid Full Spe,9878786408764,GoldenDesigns,New,New,new,wrong case
bingshoppingnew (Bing main feed),GDI-8202-01,Golden Designs Narvik 2 Person Outdoor-Indoor Traditional Sauna (GDI-8202-01) - ,9878782837052,GoldenDesigns,New,New,new,wrong case
bingshoppingnew (Bing main feed),GDI-8125-01,GoldenDesigns GDI-8125-01 Gargellen 5 Person Hybrid (PureTech Full Spectrum IR o,9878781952316,GoldenDesigns,New,New,new,wrong case
bingshoppingnew (Bing main feed),DYN-6336-03-FS,GoldenDesigns DYN-6336-03 FS Dynamic Lugano 3-Person Full Spectrum Near Zero EMF,9878781526332,GoldenDesigns,New,New,new,wrong case
bingshoppingnew (Bing main feed),GDI-8123-01,Golden Designs GDI-8123-01 Carinthia 3 Person Hybrid (PureTech Full Spectrum IR ,9878781002044,GoldenDesigns,New,New,new,wrong case
bingshoppingnew (Bing main feed),GDI-8105-01,Golden Designs GDI-8105-01 Vorarlberg 5 Person Traditional Outdoor Sauna - Canad,9878779887932,GoldenDesigns,New,New,new,wrong case
bingshoppingnew (Bing main feed),GDI-8206-01,Golden Designs GDI-8206-01 Bergen 6 Person Outdoor-Indoor Traditional Sauna - Ca,9878785622332,GoldenDesigns,New,New,new,wrong case
bingshoppingnew (Bing main feed),GDI-8203-01,Golden Designs GDI-8203-01 Drammen 3 Person Outdoor-Indoor Traditional Sauna - C,9878783918396,GoldenDesigns,New,New,new,wrong case
bingshoppingnew (Bing main feed),GDI-8040-03,GoldenDesigns Reserve Edition GDI-8040-03 Full Spectrum with Himalayan Salt Bar ,9878777266492,GoldenDesigns,New,New,new,wrong case
bingshoppingnew (Bing main feed),DYN-6336-02,GoldenDesigns DYN-6336-02 Dynamic Lugano Low EMF Far Infrared Sauna (New),9878779035964,GoldenDesigns,New,New,new,wrong case
bingshoppingnew (Bing main feed),GDI-8035-03,Golden Designs GDI-8035-03 3-Person Corner Full Spectrum PureTech Near Zero EMF ,9878775202108,GoldenDesigns,New,New,new,wrong case
bingshoppingnew (Bing main feed),DYN-6306-02,GoldenDesigns DYN-6306-02 Dynamic Bellagio Low EMF Far Infrared Sauna (New),9878774350140,GoldenDesigns,New,New,new,wrong case
bingshoppingnew (Bing main feed),DYN-6225-02-Elite,GoldenDesigns DYN-6225-02 Elite Dynamic Heming Elite 2-person Corner Ultra Low E,9878772482364,GoldenDesigns,New,New,new,wrong case
bingshoppingnew (Bing main feed),GDI-8030-03,GoldenDesigns GDI-8030-03 3-Person Full Spectrum PureTech Near Zero EMF FAR Infr,9878772384060,GoldenDesigns,New,New,new,wrong case
bingshoppingnew (Bing main feed),DYN-6225-02,"GoldenDesigns DYN-6225-02 Dynamic ""Heming"" Low EMF Far Infrared Sauna (New)",9878771827004,GoldenDesigns,New,New,new,wrong case
bingshoppingnew (Bing main feed),DYN-6220-01,"GoldenDesigns DYN-6220-01 Dynamic Low EMF Far Infrared Sauna, Vittoria Edition (",9878771007804,GoldenDesigns,New,New,new,wrong case
bingshoppingnew (Bing main feed),GDI-8020-03,GoldenDesigns GDI-8020-03 2-Person Full Spectrum PureTech Near Zero EMF FAR Infr,9878769860924,GoldenDesigns,New,New,new,wrong case
bingshoppingnew (Bing main feed),DYN-6210-01-Elite,GoldenDesigns DYN-6210-01 Elite Venice Elite 2 Person Ultra Low EMF FAR Infrared,9878768222524,GoldenDesigns,New,New,new,wrong case
bingshoppingnew (Bing main feed),GDI-8010-03,Golden Designs GDI-8010-03 Full Spectrum PureTech Near Zero EMF FAR Infrared Sau,9878767829308,GoldenDesigns,New,New,new,wrong case
bingshoppingnew (Bing main feed),DYN-6210-01,GoldenDesigns DYN-6210-01 Venice I Edition Dynamic Sauna (New),9878767731004,GoldenDesigns,New,New,new,wrong case
bingshoppingnew (Bing main feed),DYN-6209-03-FS,GoldenDesigns DYN-6209-03 FS Dynamic Santiago 2-Person Full Spectrum Near Zero E,9878767075644,GoldenDesigns,New,New,new,wrong case
bingshoppingnew (Bing main feed),DYN-6209-02-Elite,GoldenDesigns DYN-6209-02 Elite Dynamic Santiago Elite 2-person Ultra Low EMF FA,9878766387516,GoldenDesigns,New,New,new,wrong case
bingshoppingnew (Bing main feed),GDI-7689-02,GoldenDesigns GDI-7689-02 Osla Edition 6 Person Traditional Sauna - Canadian Red,9878766027068,GoldenDesigns,New,New,new,wrong case
bingshoppingnew (Bing main feed),DYN-6209-01,GoldenDesigns DYN-6209-01 Santiago 2 Person Low EMF FAR Infrared Sauna (New),9878765568316,GoldenDesigns,New,New,new,wrong case
bingshoppingnew (Bing main feed),GDI-7689-01,GoldenDesigns GDI-7689-01 Osla Edition Red Cedar Sauna (New),9878763929916,GoldenDesigns,New,New,new,wrong case
bingshoppingnew (Bing main feed),DYN-6206-01-Elite,GoldenDesigns DYN-6206-01 Elite Dynamic San Marino Elite 2-person Ultra Low EMF ,9878762914108,GoldenDesigns,New,New,new,wrong case
bingshoppingnew (Bing main feed),GDI-7389-02,Golden Designs GDI-7389-02 Copenhagen Edition 3 Person Traditional Steam Sauna -,9878762258748,GoldenDesigns,New,New,new,wrong case
bingshoppingnew (Bing main feed),DYN-6206-01,GoldenDesigns DYN-6206-01 Dynamic Low EMF Far Infrared Sauna San Marino Edition ,9878760948028,GoldenDesigns,New,New,new,wrong case
bingshoppingnew (Bing main feed),DYN-6203-02-FS,GoldenDesigns DYN-6203-02 FS Dynamic Cardoba 2-Person Full Spectrum Near Zero EM,9878759571772,GoldenDesigns,New,New,new,wrong case
bingshoppingnew (Bing main feed),GDI-7289-02,Golden Designs GDI-7289-02 Sundsvall Traditional Steam Sauna - Canadian Red Ceda,9878758457660,GoldenDesigns,New,New,new,wrong case
bingshoppingnew (Bing main feed),DYN-6203-01-Elite,GoldenDesigns DYN-6203-01 Elite Dynamic Cordoba Elite 2-person Ultra Low EMF FAR,9878757966140,GoldenDesigns,New,New,new,wrong case
bingshoppingnew (Bing main feed),DYN-6203-01,GoldenDesigns DYN-6203-01 Dynamic Cordoba 2-person Low EMF FAR Infrared Sauna (N,9878756753724,GoldenDesigns,New,New,new,wrong case
bingshoppingnew (Bing main feed),DYN-6202-03,GoldenDesigns DYN-6202-03 Versailles Edition Dynamic Low EMF Far Infrared Sauna ,9878755475772,GoldenDesigns,New,New,new,wrong case
bingshoppingnew (Bing main feed),GDI-7206-01,"Golden Designs GDI-7206-01 ""Kuusamo Edition"" 6 Person Indoor Traditional Steam S",9878754623804,GoldenDesigns,New,New,new,wrong case
bingshoppingnew (Bing main feed),DYN-6119-01,GoldenDesigns DYN-6119-01 Gracia 1-2 Person Low EMF FAR Infrared Sauna (New),9878752756028,GoldenDesigns,New,New,new,wrong case
bingshoppingnew (Bing main feed),DYN-6106-01-Elite,GoldenDesigns DYN-6106-01 Elite Dynamic Barcelona Elite 1-2 Person Ultra Low EMF,9878749872444,GoldenDesigns,New,New,new,wrong case
bingshoppingnew (Bing main feed),DYN-6106-01,GoldenDesigns DYN-6106-01 Barcelona Edition Dynamic Low EMF Far Infrared Sauna (,9878747382076,GoldenDesigns,New,New,new,wrong case
bingshoppingnew (Bing main feed),GDI-7060-01,Golden Designs GDI-7060-01 Engelberg Edition 6 Person Traditional Steam Sauna - ,9878747316540,GoldenDesigns,New,New,new,wrong case
bingshoppingnew (Bing main feed),DYN-6103-01-Elite,GoldenDesigns DYN-6103-01 Elite Dynamic Avila Elite 1-2-person Ultra Low EMF FAR,9878746169660,GoldenDesigns,New,New,new,wrong case
bingshoppingnew (Bing main feed),DYN-6103-01,GoldenDesigns DYN-6103-01 Dynamic Avila 1-2-person Low EMF FAR Infrared Sauna (N,9878743744828,GoldenDesigns,New,New,new,wrong case
bingshoppingnew (Bing main feed),GDI-6996-02,GoldenDesigns GDI-6996-02 Near Zero EMF Far Infrared Sauna (New),9878741156156,GoldenDesigns,New,New,new,wrong case
bingshoppingnew (Bing main feed),GDI-6996-01-Elite,GoldenDesigns GDI-6996-01 Monaco Elite 6 Person Near Zero EMF Far Infrared Sauna,9878738895164,GoldenDesigns,New,New,new,wrong case
bingshoppingnew (Bing main feed),GDI-6880-02-Elite,GoldenDesigns GDI-6880-02 Elite Catalonia 8 Person Ultra Low EMF FAR Infrared Sa,9878736077116,GoldenDesigns,New,New,new,wrong case
bingshoppingnew (Bing main feed),DCT-SV-10DO3,Dynamic Cold Therapy DCT-SV-10DO3 1.0 HP Premier Edition Cooling/Heating System ,9878708879676,Dynamic Cold Therapy,New,New,new,wrong case
bingshoppingnew (Bing main feed),DCT-SV-08DO3,Dynamic Cold Therapy DCT-SV-08DO3 0.8 HP Premier Edition Cooling/Heating System ,9878706946364,Dynamic Cold Therapy,New,New,new,wrong case
bingshoppingnew (Bing main feed),DCT-IR-040,Dynamic Cold Therapy DCT-IR-040 Inflatable Round Spa (New),9878699180348,Dynamic Cold Therapy,New,New,new,wrong case
bingshoppingnew (Bing main feed),DCT-IO-052,Dynamic Cold Therapy DCT-IO-052 Inflatable Oval Spa (New),9878698721596,Dynamic Cold Therapy,New,New,new,wrong case
bingshoppingnew (Bing main feed),pro5hp,Power Plate Pro5 HP - Matte Black (New),9878656647484,Power Plate,New,New,new,wrong case
bingshoppingnew (Bing main feed),FFT-SSC,French Fitness Tahoe Selectorized Standing Calf Raise (New),9878648947004,French Fitness,New,New,new,wrong case
bingshoppingnew (Bing main feed),PREEFX885crp82,Precor EFX 885 Elliptical w/Converging Crossramp + p82 Console (Remanufactured),9878635544892,Precor,Remanufactured,Refurbished,refurbished,wrong case
bingshoppingnew (Bing main feed),FFS-SSC,French Fitness Shasta Selectorized Standing Calf Raise (New),9878624862524,French Fitness,New,New,new,wrong case
bingshoppingnew (Bing main feed),con2skierg,Concept2 Skierg w/ PM5 Console (New),9878589505852,Concept 2,New,New,new,wrong case
bingshoppingnew (Bing main feed),FF-STW-WB-3,French Fitness StudioWall 3-Bay Wall-Based Modular Storage & Training System (Ne,10414127087932,French Fitness,New,,new,blank
bingshoppingnew (Bing main feed),FF-RR-BPSP-43,"French Fitness Rack & Rig 43"" Bench Prop w/Spotter Platform (New)",10393251086652,French Fitness,New,,new,blank
bingshoppingnew (Bing main feed),53039894462780,French Fitness Gym Turf Roll 82 ft x 6.5 ft (New),,,,,,blank
bingshoppingnew (Bing main feed),53039894495548,French Fitness Gym Turf Roll 82 ft x 6.5 ft (New),,,,,,blank
bingshoppingnew (Bing main feed),53039894528316,French Fitness Gym Turf Roll 82 ft x 6.5 ft (New),,,,,,blank
bingshoppingnew (Bing main feed),NAU-9NP3-L2002-60BZS,Nautilus Leverage Chest Press 9NP3-L2002-60BZS (New),10279112835388,Nautilus,New,New,new,wrong case
bingshoppingnew (Bing main feed),FF-MSS-48-3T,French Fitness Monster Universal Storage System (New),10269254254908,French Fitness,New,,new,blank
bingshoppingnew (Bing main feed),FF-MSS-48-2T,French Fitness Monster Universal Storage System (New),10269254254908,French Fitness,New,,new,blank
bingshoppingnew (Bing main feed),FF-MSS-77-3T,French Fitness Monster Universal Storage System (New),10269254254908,French Fitness,New,,new,blank
bingshoppingnew (Bing main feed),FF-MSS-77-2T,French Fitness Monster Universal Storage System (New),10269254254908,French Fitness,New,,new,blank
bingshoppingnew (Bing main feed),FF-MSS-94-3T,French Fitness Monster Universal Storage System (New),10269254254908,French Fitness,New,,new,blank
bingshoppingnew (Bing main feed),FF-MSS-94-2T,French Fitness Monster Universal Storage System (New),10269254254908,French Fitness,New,,new,blank
bingshoppingnew (Bing main feed),FF-MSS-123-3T,French Fitness Monster Universal Storage System (New),10269254254908,French Fitness,New,,new,blank
bingshoppingnew (Bing main feed),FF-MSS-123-2T,French Fitness Monster Universal Storage System (New),10269254254908,French Fitness,New,,new,blank
bingshoppingnew (Bing main feed),FF-MSS-151-3T,French Fitness Monster Universal Storage System (New),10269254254908,French Fitness,New,,new,blank
bingshoppingnew (Bing main feed),FF-MSS-151-2T,French Fitness Monster Universal Storage System (New),10269254254908,French Fitness,New,,new,blank
bingshoppingnew (Bing main feed),DCT-S-055-NS-34,"Dynamic Cold Therapy DCT-S-055-NS-34 ""CUBOID"" 304 Nano-Coated Stainless Steel Co",10266723156284,Dynamic Cold Therapy,New,New,new,wrong case
bingshoppingnew (Bing main feed),DCT-S-050-PL-34,"Dynamic Cold Therapy DCT-S-050-PL-34 ""CUBOID"" Plastic Cold Plunge Tub (New)",10266716766524,Dynamic Cold Therapy,New,New,new,wrong case
bingshoppingnew (Bing main feed),DCT-S-050-NS-34,"Dynamic Cold Therapy DCT-S-050-NS-34 ""CUBOID"" 304 Nano-Coated Stainless Steel Co",10266416120124,Dynamic Cold Therapy,New,New,new,wrong case
bingshoppingnew (Bing main feed),DCT-B-042-PLPC-34,Dynamic Cold Therapy DCT-B-042-PLPC-34 PVC Barrel Cold Plunge (New),10266405929276,Dynamic Cold Therapy,New,New,new,wrong case
bingshoppingnew (Bing main feed),DCT-BO-50-PLPC-34,Dynamic Cold Therapy DCT-BO-50-PLPC-34 Oval Barrel Tub Cold Plunge (50-P) Pacifi,10266398916924,Dynamic Cold Therapy,New,New,new,wrong case
bingshoppingnew (Bing main feed),MX-LS2-01,"GoldenDesign MX-LS2-01 Maxxus ""Serenity"" Dual Tech 2 Person Low EMF FAR IR Sauna",10266387022140,GoldenDesigns,New,New,new,wrong case
bingshoppingnew (Bing main feed),GDI-6880-03-FS,GoldenDesign GDI-6880-03 FS Catalonia 8 Person Full Spectrum Near Zero EMF FAR I,10266042466620,GoldenDesigns,New,New,new,wrong case
bingshoppingnew (Bing main feed),DYN-6220-01-Elite,"GoldenDesign DYN-6220-01 Elite Dynamic ""Vittoria"" 2 Person Ultra Low EMF Far IR ",10265561792828,GoldenDesigns,New,New,new,wrong case
bingshoppingnew (Bing main feed),DYN-6119-01-Elite,"GoldenDesign DYN-6119-01 Elite Dynamic ""Gracia"" 1-2 Person Ultra Low EMF FAR IR ",10265493700924,GoldenDesigns,New,New,new,wrong case
bingshoppingnew (Bing main feed),DYN-6119-03-FS,GoldenDesign DYN-6119-03 FS Dynamic Gracia 1-2-Person Full Spectrum Near Zero EM,10265473876284,GoldenDesigns,New,New,new,wrong case
bingshoppingnew (Bing main feed),NAU-9NP-L1110-60BZS,Nautilus Plate Loaded 9NP-L1110 Tilt Seat Calf (New),10238357995836,Nautilus,New,New,new,wrong case
bingshoppingnew (Bing main feed),ST-6UB-LCD-60,Star Trac 6 Series Upright Bike w/LCD (New),10234173653308,Star Trac,New,,new,blank
bingshoppingnew (Bing main feed),NAU-9NP-L1112-60BZS,Nautilus Plate Loaded 9NP-L1112 Standing Calf (New),10233309561148,Nautilus,New,New,new,wrong case
bingshoppingnew (Bing main feed),SPORTSART-G260,SportsArt G260 Status Eco-Powr Rower (New),10195454165308,SportsArt,New,149,new,unmapped value
bingshoppingnew (Bing main feed),FF-TC-SBW,French Fitness Stability Ball Workout Training Charts / Posters (New),10135708565820,French Fitness,New,New,new,wrong case
bingshoppingnew (Bing main feed),FF-TC-CMW,French Fitness Cable Machine Workout Training Charts / Posters (New),10135693394236,French Fitness,New,New,new,wrong case
bingshoppingnew (Bing main feed),FF-TC-KBW,French Fitness Kettlebell Workout Training Charts / Posters (New),10135689822524,French Fitness,New,New,new,wrong case
bingshoppingnew (Bing main feed),FF-TC-BW,French Fitness Barbell Workout Training Charts / Posters (New),10135685497148,French Fitness,New,New,new,wrong case
bingshoppingnew (Bing main feed),FF-TC-RBW,French Fitness Resistance Band Workout Training Charts / Posters (New),10135679107388,French Fitness,New,New,new,wrong case
bingshoppingnew (Bing main feed),FF-TC-MBW,French Fitness Medicine Ball Workout Training Charts / Posters (New),10135676518716,French Fitness,New,New,new,wrong case
bingshoppingnew (Bing main feed),FF-TC-DBW,French Fitness Dumbbell Workout Training Charts / Posters (New),10134379725116,French Fitness,New,New,new,wrong case
bingshoppingnew (Bing main feed),FF-COBP5B,French Fitness Olympic Colored Bumper Plate 5 lbs - Blank (New),10082993537340,French Fitness,New,New,new,wrong case
bingshoppingnew (Bing main feed),TRUE-CS400-EN,True Fitness CS400 Elliptical w/ Envision Console (Remanufactured),10027115905340,True Fitness,Remanufactured,refurbished ,refurbished,trailing whitespace
bingshoppingnew (Bing main feed),SM-8Gx-LED-60,Stairmaster 8 Series Gauntlet X w/ LED (New),10014042784060,Stairmaster,New,New,new,wrong case
bingshoppingnew (Bing main feed),SM-10G-LED-60,Stairmaster 10 Series 10G Gauntlet w/ LED Display (New),10013842964796,Stairmaster,New,New,new,wrong case
bingshoppingnew (Bing main feed),SM-8FC-LED-60,StairMaster 8 Series FreeClimber w/ LED Display (New),10012945547580,Stairmaster,New,New,new,wrong case
bingshoppingnew (Bing main feed),SM-8FC-16IN-60,"StairMaster 8 Series FreeClimber w/16"" Touch Display (New)",10012785803580,Stairmaster,New,New,new,wrong case
bingshoppingnew (Bing main feed),PPMOVE-WOOD,Power Plate Move - Wood Finish (New),9878583869756,Power Plate,New,New,new,wrong case
bingshoppingnew (Bing main feed),PPMOVE-SILVER,Power Plate Move - Silver (New),9878583148860,Power Plate,New,New,new,wrong case
bingshoppingnew (Bing main feed),PPMOVE-RED,Power Plate Move - Red (New),9878582460732,Power Plate,New,New,new,wrong case
bingshoppingnew (Bing main feed),PPMOVE-BLACK,Power Plate Move - Matte Black (New),9878581674300,Power Plate,New,New,new,wrong case
bingshoppingnew (Bing main feed),FFS-360XL,French Fitness FFS Silver 360XL Energy Group Training System (New),9878572237116,French Fitness,New,New,new,wrong case
bingshoppingnew (Bing main feed),PP-Personal,Power Plate Personal (New),9878570991932,Power Plate,New,New,new,wrong case
bingshoppingnew (Bing main feed),FFS-360T,French Fitness FFS Silver 360T Energy Group Training System (New),9878570271036,French Fitness,New,New,new,wrong case
bingshoppingnew (Bing main feed),FFS-360XS,French Fitness FFS Silver 360XS Energy Group Training System (New),9878574399804,French Fitness,New,New,new,wrong case
bingshoppingnew (Bing main feed),FFS-SHC,French Fitness Shasta Selectorized Horizontal Calf (New),9878553624892,French Fitness,New,New,new,wrong case
bingshoppingnew (Bing main feed),FFN-RKG,French Fitness Napa Rear Kick Back Glute (New),9878552576316,French Fitness,New,New,new,wrong case
bingshoppingnew (Bing main feed),FFN-PLSTP,French Fitness Napa Seated Dip / Tricep Press Plate Loaded (New),9878549627196,French Fitness,New,New,new,wrong case
bingshoppingnew (Bing main feed),FFN-PLSHC,French Fitness Napa Super Horizontal Calf Plate Loaded (New),9878546940220,French Fitness,New,New,new,wrong case
bingshoppingnew (Bing main feed),FFT-SHC,French Fitness Tahoe Selectorized Horizontal Calf (New),9878524231996,French Fitness,New,New,new,wrong case
bingshoppingnew (Bing main feed),FFM-RKG,French Fitness Marin Rear Kick Back Glute (New),9878523117884,French Fitness,New,New,new,wrong case
bingshoppingnew (Bing main feed),FFM-PLSTP,French Fitness Marin Seated Dip / Tricep Press Plate Loaded (New),9878489661756,French Fitness,New,New,new,wrong case
bingshoppingnew (Bing main feed),FF-MBR12,French Fitness 3 Tier Medicine & Slam Ball Rack (New),9878484025660,French Fitness,New,New,new,wrong case
bingshoppingnew (Bing main feed),FF-MBR4-WM,French Fitness MBR4 Wall Mounted Medicine Ball Rack (New),9878484943164,French Fitness,New,New,new,wrong case
bingshoppingnew (Bing main feed),750T,Cybex 750T Treadmill (Remanufactured),9878482485564,Cybex,Remanufactured,Refurbished,refurbished,wrong case
bingshoppingnew (Bing main feed),7000PTSILVER,Stairmaster 7000PT Stepmill w/ Silver Console (Remanufactured),9878480814396,Stairmaster,Remanufactured,Refurbished,refurbished,wrong case
bingshoppingnew (Bing main feed),FFD-PLSTDP,French Fitness Diablo Seated Tricep Dip / Press Plate Loaded (New),9878470230332,French Fitness,New,New,new,wrong case
bingshoppingnew (Bing main feed - Larianne test),NAU-9NAS130960AGS,Nautilus Impact Standing Calf 9NA-S1309-60AGS (New),9879261446460,Nautilus,New,New,new,wrong case
bingshoppingnew (Bing main feed - Larianne test),FFB-PSLP,French Fitness FFB Black Pendulum Squat Leg Press Machine (New),9879215046972,French Fitness,New,New,new,wrong case
bingshoppingnew (Bing main feed - Larianne test),FFB-LSC,French Fitness FFB Black Leverage Squat & Calf Machine (New),9879202365756,French Fitness,New,New,new,wrong case
bingshoppingnew (Bing main feed - Larianne test),FFB-360XL,French Fitness FFB Black 360XL Energy Group Training System (New),9879165141308,French Fitness,New,New,new,wrong case
bingshoppingnew (Bing main feed - Larianne test),FF-EBR9,French Fitness 9 Ball Exercise / Stability Ball Rack EBR9 (New),9879109075260,French Fitness,New,New,new,wrong case
bingshoppingnew (Bing main feed - Larianne test),FF-WR80,French Fitness WR80 Water Rowing Rower Machine w/Resistance (New),9879091085628,French Fitness,New,New,new,wrong case
bingshoppingnew (Bing main feed - Larianne test),FF-WR40,French Fitness WR40 Water Rowing Machine Rower (New),9879089611068,French Fitness,New,New,new,wrong case
bingshoppingnew (Bing main feed - Larianne test),FF-VC200,French Fitness VC200 Vertical Climbing Climber Machine (New),9879034790204,French Fitness,New,New,new,wrong case
bingshoppingnew (Bing main feed - Larianne test),TFWDT,Trueform Walking Desk Non-Motorized Treadmill (New),9879028728124,Trueform,New,New,new,wrong case
bingshoppingnew (Bing main feed - Larianne test),TFPT,Trueform Performance Non-Motorized Treadmill (New),9879027810620,Trueform,New,New,new,wrong case
bingshoppingnew (Bing main feed - Larianne test),TFLRT,Trueform Low-Rider Non-Motorized Treadmill (New),9879027056956,Trueform,New,New,new,wrong case
bingshoppingnew (Bing main feed - Larianne test),TFET,Trueform Enduro Non-Motorized Treadmill (New),9879025549628,Trueform,New,New,new,wrong case
bingshoppingnew (Bing main feed - Larianne test),LF-SYNRGY90CC,Life Fitness SYNRGY90 CC (New),9878960800060,Life Fitness,New,New,new,wrong case
bingshoppingnew (Bing main feed - Larianne test),FF-AR,French Fitness FF-AR Air Rower (New),9878929310012,French Fitness,New,New,new,wrong case
bingshoppingnew (Bing main feed - Larianne test),FF-SKI,French Fitness FF-SKI Ski Exercise Machine w/Air Resistance (New),9878909911356,French Fitness,New,New,new,wrong case
bingshoppingnew (Bing main feed - Larianne test),FF-SC600,French Fitness Stair Climber Stepper SC600 (New),9878880026940,French Fitness,New,New,new,wrong case
bingshoppingnew (Bing main feed - Larianne test),SM-8FC-16-ATSC,"StairMaster 8 Series Freeclimber w/16"" Embedded Display - Black (New)",9878788440380,Stairmaster,New,New,new,wrong case
bingshoppingnew (Bing main feed - Larianne test),pro5hp,Power Plate Pro5 HP - Matte Black (New),9878656647484,Power Plate,New,New,new,wrong case
bingshoppingnew (Bing main feed - Larianne test),FFT-SSC,French Fitness Tahoe Selectorized Standing Calf Raise (New),9878648947004,French Fitness,New,New,new,wrong case
bingshoppingnew (Bing main feed - Larianne test),FFT-PLSTDP-V2,French Fitness Tahoe V2 Seated Tricep Dip / Press Plate Loaded (New),9878645145916,French Fitness,New,New,new,wrong case
bingshoppingnew (Bing main feed - Larianne test),PREEFX885crp82,Precor EFX 885 Elliptical w/Converging Crossramp + p82 Console (Remanufactured),9878635544892,Precor,Remanufactured,Refurbished,refurbished,wrong case
bingshoppingnew (Bing main feed - Larianne test),FFS-SSC,French Fitness Shasta Selectorized Standing Calf Raise (New),9878624862524,French Fitness,New,New,new,wrong case
bingshoppingnew (Bing main feed - Larianne test),FF-RR-BPSP-43,"French Fitness Rack & Rig 43"" Bench Prop w/Spotter Platform (New)",10393251086652,French Fitness,New,,new,blank
bingshoppingnew (Bing main feed - Larianne test),NAU-9NP3-L2002-60BZS,Nautilus Leverage Chest Press 9NP3-L2002-60BZS (New),10279112835388,Nautilus,New,New,new,wrong case
bingshoppingnew (Bing main feed - Larianne test),FF-MSS-48-3T,French Fitness Monster Universal Storage System (New),10269254254908,French Fitness,New,,new,blank
bingshoppingnew (Bing main feed - Larianne test),FF-MSS-48-2T,French Fitness Monster Universal Storage System (New),10269254254908,French Fitness,New,,new,blank
bingshoppingnew (Bing main feed - Larianne test),FF-MSS-77-3T,French Fitness Monster Universal Storage System (New),10269254254908,French Fitness,New,,new,blank
bingshoppingnew (Bing main feed - Larianne test),FF-MSS-77-2T,French Fitness Monster Universal Storage System (New),10269254254908,French Fitness,New,,new,blank
bingshoppingnew (Bing main feed - Larianne test),FF-MSS-94-3T,French Fitness Monster Universal Storage System (New),10269254254908,French Fitness,New,,new,blank
bingshoppingnew (Bing main feed - Larianne test),FF-MSS-94-2T,French Fitness Monster Universal Storage System (New),10269254254908,French Fitness,New,,new,blank
bingshoppingnew (Bing main feed - Larianne test),FF-MSS-123-3T,French Fitness Monster Universal Storage System (New),10269254254908,French Fitness,New,,new,blank
bingshoppingnew (Bing main feed - Larianne test),FF-MSS-123-2T,French Fitness Monster Universal Storage System (New),10269254254908,French Fitness,New,,new,blank
bingshoppingnew (Bing main feed - Larianne test),FF-MSS-151-3T,French Fitness Monster Universal Storage System (New),10269254254908,French Fitness,New,,new,blank
bingshoppingnew (Bing main feed - Larianne test),FF-MSS-151-2T,French Fitness Monster Universal Storage System (New),10269254254908,French Fitness,New,,new,blank
bingshoppingnew (Bing main feed - Larianne test),NAU-9NP-L1110-60BZS,Nautilus Plate Loaded 9NP-L1110 Tilt Seat Calf (New),10238357995836,Nautilus,New,New,new,wrong case
bingshoppingnew (Bing main feed - Larianne test),ST-6UB-LCD-60,Star Trac 6 Series Upright Bike w/LCD (New),10234173653308,Star Trac,New,,new,blank
bingshoppingnew (Bing main feed - Larianne test),NAU-9NP-L1112-60BZS,Nautilus Plate Loaded 9NP-L1112 Standing Calf (New),10233309561148,Nautilus,New,New,new,wrong case
bingshoppingnew (Bing main feed - Larianne test),SPORTSART-G260,SportsArt G260 Status Eco-Powr Rower (New),10195454165308,SportsArt,New,149,new,unmapped value
bingshoppingnew (Bing main feed - Larianne test),PRECOR-C026ES,Precor Vitality S Line Dual Pulldown / Seated Row (Remanufactured),10183744684348,Precor,Remanufactured,Refurbished,refurbished,wrong case
bingshoppingnew (Bing main feed - Larianne test),EFX865P62,Precor EFX 865 Elliptical w/Converging Crossramp + p62 Console (Remanufactured),10121200468284,Precor,Remanufactured,Refurbished,refurbished,wrong case
bingshoppingnew (Bing main feed - Larianne test),FF-URPSD90-V2,French Fitness Urethane Round Pro Style Dumbbell V2 90 lbs - Single (New),10041293013308,French Fitness,New,new ,new,trailing whitespace
bingshoppingnew (Bing main feed - Larianne test),FF-URPSD70-V2,French Fitness Urethane Round Pro Style Dumbbell V2 70 lbs - Single (New),10041131303228,French Fitness,New,new ,new,trailing whitespace
bingshoppingnew (Bing main feed - Larianne test),FF-URPSD65-V2,French Fitness Urethane Round Pro Style Dumbbell V2 65 lbs - Single (New),10034665914684,French Fitness,New,new ,new,trailing whitespace
bingshoppingnew (Bing main feed - Larianne test),FF-URPSD50-V2,French Fitness Urethane Round Pro Style Dumbbell V2 50 lbs - Single (New),10031019065660,French Fitness,New,new ,new,trailing whitespace
bingshoppingnew (Bing main feed - Larianne test),FF-URPSD45-V2,French Fitness Urethane Round Pro Style Dumbbell V2 45 lbs - Single (New),10030976729404,French Fitness,New,new ,new,trailing whitespace
bingshoppingnew (Bing main feed - Larianne test),FF-URPSD40-V2,French Fitness Urethane Round Pro Style Dumbbell V2 40 lbs - Single (New),10030944125244,French Fitness,New,new ,new,trailing whitespace
bingshoppingnew (Bing main feed - Larianne test),FF-URPSD35-V2,French Fitness Urethane Round Pro Style Dumbbell V2 35 lbs - Single (New),10030876852540,French Fitness,New,new ,new,trailing whitespace
bingshoppingnew (Bing main feed - Larianne test),TRUE-CS400-EN,True Fitness CS400 Elliptical w/ Envision Console (Remanufactured),10027115905340,True Fitness,Remanufactured,refurbished ,refurbished,trailing whitespace
bingshoppingnew (Bing main feed - Larianne test),SM-8FC-LED-60,StairMaster 8 Series FreeClimber w/ LED Display (New),10012945547580,Stairmaster,New,New,new,wrong case
bingshoppingnew (Bing main feed - Larianne test),SM-8FC-16IN-60,"StairMaster 8 Series FreeClimber w/16"" Touch Display (New)",10012785803580,Stairmaster,New,New,new,wrong case
bingshoppingnew (Bing main feed - Larianne test),SM-8Gx-LED-60,Stairmaster 8 Series Gauntlet X w/ LED (New),10014042784060,Stairmaster,New,New,new,wrong case
bingshoppingnew (Bing main feed - Larianne test),SM-10G-LED-60,Stairmaster 10 Series 10G Gauntlet w/ LED Display (New),10013842964796,Stairmaster,New,New,new,wrong case
bingshoppingnew (Bing main feed - Larianne test),PPMOVE-WOOD,Power Plate Move - Wood Finish (New),9878583869756,Power Plate,New,New,new,wrong case
bingshoppingnew (Bing main feed - Larianne test),PPMOVE-SILVER,Power Plate Move - Silver (New),9878583148860,Power Plate,New,New,new,wrong case
bingshoppingnew (Bing main feed - Larianne test),PPMOVE-RED,Power Plate Move - Red (New),9878582460732,Power Plate,New,New,new,wrong case
bingshoppingnew (Bing main feed - Larianne test),PPMOVE-BLACK,Power Plate Move - Matte Black (New),9878581674300,Power Plate,New,New,new,wrong case
bingshoppingnew (Bing main feed - Larianne test),FFS-360XL,French Fitness FFS Silver 360XL Energy Group Training System (New),9878572237116,French Fitness,New,New,new,wrong case
bingshoppingnew (Bing main feed - Larianne test),FFS-360T,French Fitness FFS Silver 360T Energy Group Training System (New),9878570271036,French Fitness,New,New,new,wrong case
bingshoppingnew (Bing main feed - Larianne test),PP-Personal,Power Plate Personal (New),9878570991932,Power Plate,New,New,new,wrong case
bingshoppingnew (Bing main feed - Larianne test),FFS-360XS,French Fitness FFS Silver 360XS Energy Group Training System (New),9878574399804,French Fitness,New,New,new,wrong case
bingshoppingnew (Bing main feed - Larianne test),FFS-SHC,French Fitness Shasta Selectorized Horizontal Calf (New),9878553624892,French Fitness,New,New,new,wrong case
bingshoppingnew (Bing main feed - Larianne test),FFN-RKG,French Fitness Napa Rear Kick Back Glute (New),9878552576316,French Fitness,New,New,new,wrong case
bingshoppingnew (Bing main feed - Larianne test),FFN-PLSTP,French Fitness Napa Seated Dip / Tricep Press Plate Loaded (New),9878549627196,French Fitness,New,New,new,wrong case
bingshoppingnew (Bing main feed - Larianne test),FFN-PLSHC,French Fitness Napa Super Horizontal Calf Plate Loaded (New),9878546940220,French Fitness,New,New,new,wrong case
bingshoppingnew (Bing main feed - Larianne test),FFT-SHC,French Fitness Tahoe Selectorized Horizontal Calf (New),9878524231996,French Fitness,New,New,new,wrong case
bingshoppingnew (Bing main feed - Larianne test),FFM-RKG,French Fitness Marin Rear Kick Back Glute (New),9878523117884,French Fitness,New,New,new,wrong case
bingshoppingnew (Bing main feed - Larianne test),828e,Monark Exercise AB 828E Ergomedic Exercise Bike (Remanufactured),9878490644796,Monark,Remanufactured,Refurbished,refurbished,wrong case
bingshoppingnew (Bing main feed - Larianne test),FFM-PLSTP,French Fitness Marin Seated Dip / Tricep Press Plate Loaded (New),9878489661756,French Fitness,New,New,new,wrong case
bingshoppingnew (Bing main feed - Larianne test),FF-MBR12,French Fitness 3 Tier Medicine & Slam Ball Rack (New),9878484025660,French Fitness,New,New,new,wrong case
bingshoppingnew (Bing main feed - Larianne test),750T,Cybex 750T Treadmill (Remanufactured),9878482485564,Cybex,Remanufactured,Refurbished,refurbished,wrong case
bingshoppingnew (Bing main feed - Larianne test),7000PTSILVER,Stairmaster 7000PT Stepmill w/ Silver Console (Remanufactured),9878480814396,Stairmaster,Remanufactured,Refurbished,refurbished,wrong case
bingshoppingnew (Bing main feed - Larianne test),FFD-PLSTDP,French Fitness Diablo Seated Tricep Dip / Press Plate Loaded (New),9878470230332,French Fitness,New,New,new,wrong case
