feed,product_id,variant_id,current_id,proposed_id,sku,variants_on_product,rollout_status,legacy_gmc_id,in_tims_114
googleshoppingfrenchfitness,10019813589308,51672824873276,10019813589308,FF-HVD-GDR500,FF-HVD-GDR500,1,hold_cross_feed,,YES
googleshoppingfrenchfitness,10124211355964,52003010347324,10124211355964,FF-VAIL-TR,FF-VAIL-TR,1,(unset),,YES
googleshoppingfrenchfitness,10247596147004,52534100820284,10247596147004,FF-RCHD10,FF-RCHD10,45,hold_ff_variant,,NO
googleshoppingfrenchfitness,10247596147004,52534101541180,10247596147004,FF-RCHD100,FF-RCHD100,45,hold_ff_variant,,NO
googleshoppingfrenchfitness,10247596147004,52534101573948,10247596147004,FF-RCHD105,FF-RCHD105,45,hold_ff_variant,,NO
googleshoppingfrenchfitness,10247596147004,52534108356924,10247596147004,FF-RCHD105-120,FF-RCHD105-120,45,hold_ff_variant,,NO
googleshoppingfrenchfitness,10247596147004,52534101606716,10247596147004,FF-RCHD110,FF-RCHD110,45,hold_ff_variant,,NO
googleshoppingfrenchfitness,10247596147004,52534101639484,10247596147004,FF-RCHD115,FF-RCHD115,45,hold_ff_variant,,NO
googleshoppingfrenchfitness,10247596147004,52534100853052,10247596147004,FF-RCHD12-5,FF-RCHD12-5,45,hold_ff_variant,,NO
googleshoppingfrenchfitness,10247596147004,52534101672252,10247596147004,FF-RCHD120,FF-RCHD120,45,hold_ff_variant,,NO
googleshoppingfrenchfitness,10247596147004,52534101705020,10247596147004,FF-RCHD125,FF-RCHD125,45,hold_ff_variant,,NO
googleshoppingfrenchfitness,10247596147004,52534101737788,10247596147004,FF-RCHD130,FF-RCHD130,45,hold_ff_variant,,NO
googleshoppingfrenchfitness,10247596147004,52534101770556,10247596147004,FF-RCHD135,FF-RCHD135,45,hold_ff_variant,,NO
googleshoppingfrenchfitness,10247596147004,52534101803324,10247596147004,FF-RCHD140,FF-RCHD140,45,hold_ff_variant,,NO
googleshoppingfrenchfitness,10247596147004,52534101836092,10247596147004,FF-RCHD145,FF-RCHD145,45,hold_ff_variant,,NO
googleshoppingfrenchfitness,10247596147004,52534100885820,10247596147004,FF-RCHD15,FF-RCHD15,45,hold_ff_variant,,NO
googleshoppingfrenchfitness,10247596147004,52534101868860,10247596147004,FF-RCHD150,FF-RCHD150,45,hold_ff_variant,,NO
googleshoppingfrenchfitness,10247596147004,52534100918588,10247596147004,FF-RCHD17-5,FF-RCHD17-5,45,hold_ff_variant,,NO
googleshoppingfrenchfitness,10247596147004,52534100721980,10247596147004,FF-RCHD2-5,FF-RCHD2-5,45,hold_ff_variant,,NO
googleshoppingfrenchfitness,10247596147004,52534108160316,10247596147004,FF-RCHD2-5-22-5,FF-RCHD2-5-22-5,45,hold_ff_variant,,NO
googleshoppingfrenchfitness,10247596147004,52534108193084,10247596147004,FF-RCHD2-5-25,FF-RCHD2-5-25,45,hold_ff_variant,,NO
googleshoppingfrenchfitness,10247596147004,52534100951356,10247596147004,FF-RCHD20,FF-RCHD20,45,hold_ff_variant,,NO
googleshoppingfrenchfitness,10247596147004,52534100984124,10247596147004,FF-RCHD22-5,FF-RCHD22-5,45,hold_ff_variant,,NO
googleshoppingfrenchfitness,10247596147004,52534101016892,10247596147004,FF-RCHD25,FF-RCHD25,45,hold_ff_variant,,NO
googleshoppingfrenchfitness,10247596147004,52534101049660,10247596147004,FF-RCHD27-5,FF-RCHD27-5,45,hold_ff_variant,,NO
googleshoppingfrenchfitness,10247596147004,52534101082428,10247596147004,FF-RCHD30,FF-RCHD30,45,hold_ff_variant,,NO
googleshoppingfrenchfitness,10247596147004,52534101115196,10247596147004,FF-RCHD35,FF-RCHD35,45,hold_ff_variant,,NO
googleshoppingfrenchfitness,10247596147004,52534101147964,10247596147004,FF-RCHD40,FF-RCHD40,45,hold_ff_variant,,NO
googleshoppingfrenchfitness,10247596147004,52534101180732,10247596147004,FF-RCHD45,FF-RCHD45,45,hold_ff_variant,,NO
googleshoppingfrenchfitness,10247596147004,52534100754748,10247596147004,FF-RCHD5,FF-RCHD5,45,hold_ff_variant,,NO
googleshoppingfrenchfitness,10247596147004,52534108291388,10247596147004,FF-RCHD5-100,FF-RCHD5-100,45,hold_ff_variant,,NO
googleshoppingfrenchfitness,10247596147004,52534108225852,10247596147004,FF-RCHD5-50,FF-RCHD5-50,45,hold_ff_variant,,NO
googleshoppingfrenchfitness,10247596147004,52534108258620,10247596147004,FF-RCHD5-75,FF-RCHD5-75,45,hold_ff_variant,,NO
googleshoppingfrenchfitness,10247596147004,52534101213500,10247596147004,FF-RCHD50,FF-RCHD50,45,hold_ff_variant,,NO
googleshoppingfrenchfitness,10247596147004,52534101246268,10247596147004,FF-RCHD55,FF-RCHD55,45,hold_ff_variant,,NO
googleshoppingfrenchfitness,10247596147004,52534108324156,10247596147004,FF-RCHD55-100,FF-RCHD55-100,45,hold_ff_variant,,NO
googleshoppingfrenchfitness,10247596147004,52534105538876,10247596147004,FF-RCHD55-75,FF-RCHD55-75,45,hold_ff_variant,,NO
googleshoppingfrenchfitness,10247596147004,52534101279036,10247596147004,FF-RCHD60,FF-RCHD60,45,hold_ff_variant,,NO
googleshoppingfrenchfitness,10247596147004,52534101311804,10247596147004,FF-RCHD65,FF-RCHD65,45,hold_ff_variant,,NO
googleshoppingfrenchfitness,10247596147004,52534100787516,10247596147004,FF-RCHD7-5,FF-RCHD7-5,45,hold_ff_variant,,NO
googleshoppingfrenchfitness,10247596147004,52534101344572,10247596147004,FF-RCHD70,FF-RCHD70,45,hold_ff_variant,,NO
googleshoppingfrenchfitness,10247596147004,52534101377340,10247596147004,FF-RCHD75,FF-RCHD75,45,hold_ff_variant,,NO
googleshoppingfrenchfitness,10247596147004,52534101410108,10247596147004,FF-RCHD80,FF-RCHD80,45,hold_ff_variant,,NO
googleshoppingfrenchfitness,10247596147004,52534105506108,10247596147004,FF-RCHD80-100,FF-RCHD80-100,45,hold_ff_variant,,NO
googleshoppingfrenchfitness,10247596147004,52534101442876,10247596147004,FF-RCHD85,FF-RCHD85,45,hold_ff_variant,,NO
googleshoppingfrenchfitness,10247596147004,52534101475644,10247596147004,FF-RCHD90,FF-RCHD90,45,hold_ff_variant,,NO
googleshoppingfrenchfitness,10247596147004,52534101508412,10247596147004,FF-RCHD95,FF-RCHD95,45,hold_ff_variant,,NO
googleshoppingfrenchfitness,10269254254908,52746451157308,10269254254908,FF-MSS-123-2T,FF-MSS-123-2T,10,hold_ff_variant,FF-MSS-151-2T,YES
googleshoppingfrenchfitness,10269254254908,52746451124540,10269254254908,FF-MSS-123-3T,FF-MSS-123-3T,10,hold_ff_variant,FF-MSS-151-2T,YES
googleshoppingfrenchfitness,10269254254908,52746451222844,10269254254908,FF-MSS-151-2T,FF-MSS-151-2T,10,hold_ff_variant,FF-MSS-151-2T,YES
googleshoppingfrenchfitness,10269254254908,52746451190076,10269254254908,FF-MSS-151-3T,FF-MSS-151-3T,10,hold_ff_variant,FF-MSS-151-2T,YES
googleshoppingfrenchfitness,10269254254908,52746450960700,10269254254908,FF-MSS-48-2T,FF-MSS-48-2T,10,hold_ff_variant,FF-MSS-151-2T,YES
googleshoppingfrenchfitness,10269254254908,52746450927932,10269254254908,FF-MSS-48-3T,FF-MSS-48-3T,10,hold_ff_variant,FF-MSS-151-2T,YES
googleshoppingfrenchfitness,10269254254908,52746451026236,10269254254908,FF-MSS-77-2T,FF-MSS-77-2T,10,hold_ff_variant,FF-MSS-151-2T,YES
googleshoppingfrenchfitness,10269254254908,52746450993468,10269254254908,FF-MSS-77-3T,FF-MSS-77-3T,10,hold_ff_variant,FF-MSS-151-2T,YES
googleshoppingfrenchfitness,10269254254908,52746451091772,10269254254908,FF-MSS-94-2T,FF-MSS-94-2T,10,hold_ff_variant,FF-MSS-151-2T,YES
googleshoppingfrenchfitness,10269254254908,52746451059004,10269254254908,FF-MSS-94-3T,FF-MSS-94-3T,10,hold_ff_variant,FF-MSS-151-2T,YES
googleshoppingfrenchfitness,9878464627004,50748131574076,9878464627004,FF-HPB100,FF-HPB100,1,(unset),,YES
googleshoppingfrenchfitness,9879098753340,50749523198268,9879098753340,FF-X12,FF-X12,1,(unset),,NO
googleshoppingfs,10012639789372,51646296916284,10012639789372,ST-10TRX-110-24IN-79,ST-10TRX-110-24IN-79,1,pending_approval_star_trac,,YES
googleshoppingfs,10012673343804,51646361698620,10012673343804,ST-10TRX-110-LED-MI-79,ST-10TRX-110-LED-MI-79,1,pending_approval_star_trac,,YES
googleshoppingfs,10012746219836,51646594974012,10012746219836,ST-8TRX-110-24IN-60,ST-8TRX-110-24IN-60,1,pending_approval_star_trac,,YES
googleshoppingfs,10012773548348,51646704582972,10012773548348,ST-8TRX-110-LED-MI-60,ST-8TRX-110-LED-MI-60,1,pending_approval_star_trac,,YES
googleshoppingfs,10104579850556,51934896521532,10104579850556,ST-6TR-110-LCD,ST-6TR-110-LCD,1,pending_approval_star_trac,,YES
googleshoppingfs,10129933762876,52028102345020,10129933762876,ST-6TR-110-24IN,ST-6TR-110-24IN,1,pending_approval_star_trac,,YES
googleshoppingfs,10138120585532,52067475620156,10138120585532,ST-6TR-110-LED,ST-6TR-110-LED,1,pending_approval_star_trac,,YES
googleshoppingfs,10138129301820,52067487842620,10138129301820,ST-6TR-110-16IN,ST-6TR-110-16IN,1,pending_approval_star_trac,,YES
googleshoppingfs,10143915147580,52100845502780,10143915147580,ST-8TR-110-24IN-60,ST-8TR-110-24IN-60,1,pending_approval_star_trac,,YES
googleshoppingfs,10143925928252,52100896817468,10143925928252,ST-8TR-110-LED-MI-60,ST-8TR-110-LED-MI-60,1,pending_approval_star_trac,,YES
googleshoppingfs,10145609482556,52109573488956,10145609482556,ST-8RDE-16IN-60,ST-8RDE-16IN-60,1,pending_approval_star_trac,,YES
googleshoppingfs,10145616986428,52109726908732,10145616986428,ST-8RDE-LED-60,ST-8RDE-LED-60,1,pending_approval_star_trac,,YES
googleshoppingfs,10145641857340,52109844218172,10145641857340,ST-8CT-16IN-60,ST-8CT-16IN-60,1,pending_approval_star_trac,,YES
googleshoppingfs,10145740325180,52110283899196,10145740325180,ST-8CT-LED-60,ST-8CT-LED-60,1,pending_approval_star_trac,,YES
googleshoppingfs,10175750242620,52259955835196,10175750242620,ST-8RB-16IN-60,ST-8RB-16IN-60,1,pending_approval_star_trac,,YES
googleshoppingfs,10175768723772,52260060725564,10175768723772,ST-8RB-LED-60,ST-8RB-LED-60,1,pending_approval_star_trac,,YES
googleshoppingfs,10176330301756,52264865628476,10176330301756,ST-8UB-LED-60,ST-8UB-LED-60,1,pending_approval_star_trac,,YES
googleshoppingfs,10177568473404,52271149580604,10177568473404,ST-8UB-16IN-60,ST-8UB-16IN-60,1,pending_approval_star_trac,,YES
googleshoppingfs,10177616675132,52271524086076,10177616675132,ST-8VS-16IN-60,ST-8VS-16IN-60,1,pending_approval_star_trac,,YES
googleshoppingfs,10177840841020,52272904732988,10177840841020,ST-8VS-LED-60,ST-8VS-LED-60,1,pending_approval_star_trac,,YES
googleshoppingfs,10225631887676,52446159372604,10225631887676,ST-6CT-16IN-60,ST-6CT-16IN-60,1,pending_approval_star_trac,,YES
googleshoppingfs,10225641554236,52446250074428,10225641554236,ST-6CT-LED-60,ST-6CT-LED-60,1,pending_approval_star_trac,,YES
googleshoppingfs,10225691263292,52446398120252,10225691263292,ST-6CT-LCD-60,ST-6CT-LCD-60,1,pending_approval_star_trac,,YES
googleshoppingfs,10227267469628,52451698737468,10227267469628,ST-6RB-16IN-60,ST-6RB-16IN-60,1,pending_approval_star_trac,,YES
googleshoppingfs,10227283624252,52451777216828,10227283624252,ST-6RB-LED-60,ST-6RB-LED-60,1,pending_approval_star_trac,,YES
googleshoppingfs,10231481499964,52463342780732,10231481499964,ST-6RB-LCD-60,ST-6RB-LCD-60,1,pending_approval_star_trac,,YES
googleshoppingfs,10233224855868,52473491685692,10233224855868,ST-6UB-16IN-60,ST-6UB-16IN-60,1,pending_approval_star_trac,,YES
googleshoppingfs,10234029703484,52475313324348,10234029703484,ST-6UB-LED-60,ST-6UB-LED-60,1,pending_approval_star_trac,,YES
googleshoppingfs,10234173653308,52475585659196,10234173653308,ST-6UB-LCD-60,ST-6UB-LCD-60,1,pending_approval_star_trac,,YES
googleshoppingfs,10440921809212,53942706241852,10440921809212,PRECOR-C404EC,PRECOR-C404EC,1,(unset),,YES
googleshoppingfs,9878802334012,50748974399804,9878802334012,SM-TC5,SM-TC5,1,pending_approval_star_trac,,YES
googleshoppingfs,9878869147964,50749071327548,9878869147964,ST-10TRX-19-REMAN,ST-10TRX-19-REMAN,1,pending_approval_star_trac,,YES
googleshoppingfs,9878869737788,50749072507196,9878869737788,ST-10TRX-20-ATSC,ST-10TRX-20-ATSC,1,pending_approval_star_trac,,YES
googleshoppingfs,9878872097084,50749075423548,9878872097084,ST-3140-KINTP0,ST-3140-KINTP0,1,pending_approval_star_trac,,YES
googleshoppingfs,9878873112892,50749076668732,9878873112892,elite6230,elite6230,1,pending_approval_star_trac,,YES
googleshoppingfs,9878873243964,50749076799804,9878873243964,ST-3150-KINTP0,ST-3150-KINTP0,1,pending_approval_star_trac,,YES
googleshoppingfs,9878874325308,50749077979452,9878874325308,ST-3150-KINTP0-SILVER,ST-3150-KINTP0-SILVER,1,pending_approval_star_trac,,YES
googleshoppingfs,9878875341116,50749083812156,9878875341116,ST-4060-KINTP0,ST-4060-KINTP0,1,pending_approval_star_trac,,YES
googleshoppingfs,9878876029244,50749084664124,9878876029244,ST-4CT-10-TS,ST-4CT-10-TS,1,pending_approval_star_trac,,YES
googleshoppingfs,9878876815676,50749085679932,9878876815676,ST-4CT-10IN,ST-4CT-10IN,1,pending_approval_star_trac,,YES
googleshoppingfs,9878877929788,50749087580476,9878877929788,ST-4CT-15-ATSC,ST-4CT-15-ATSC,1,pending_approval_star_trac,,YES
googleshoppingfs,9878878519612,50749088432444,9878878519612,ST-4RB-10-TS,ST-4RB-10-TS,1,pending_approval_star_trac,,YES
googleshoppingfs,9878878945596,50749088989500,9878878945596,ST-4RB-10IN,ST-4RB-10IN,1,pending_approval_star_trac,,YES
googleshoppingfs,9878879830332,50749092266300,9878879830332,ST-4RB-15-ATSC,ST-4RB-15-ATSC,1,pending_approval_star_trac,,YES
googleshoppingfs,9878880747836,50749094134076,9878880747836,ST-4TR-10-TS,ST-4TR-10-TS,1,pending_approval_star_trac,,YES
googleshoppingfs,9878882386236,50749097836860,9878882386236,ST-4TR-10IN,ST-4TR-10IN,1,pending_approval_star_trac,,YES
googleshoppingfs,9878885237052,50749103210812,9878885237052,ST-4TR-15-ATSC,ST-4TR-15-ATSC,1,pending_approval_star_trac,,YES
googleshoppingfs,9878886285628,50749105176892,9878886285628,ST-4UB-10-TS,ST-4UB-10-TS,1,pending_approval_star_trac,,YES
googleshoppingfs,9878887792956,50749107634492,9878887792956,ST-4UB-10IN,ST-4UB-10IN,1,pending_approval_star_trac,,YES
googleshoppingfs,9878889857340,50749110780220,9878889857340,ST-4UB-15-ATSC,ST-4UB-15-ATSC,1,pending_approval_star_trac,,YES
googleshoppingfs,9878891036988,50749113139516,9878891036988,ST-8CT-16-ATSC,ST-8CT-16-ATSC,1,pending_approval_star_trac,,YES
googleshoppingfs,9878893527356,50749117235516,9878893527356,ST-8RB-16-ATSC,ST-8RB-16-ATSC,1,pending_approval_star_trac,,YES
googleshoppingfs,9878898540860,52893609034044,9878898540860,ST-8RDE-16-ATSC,ST-8RDE-16-ATSC,2,hold_variant,,YES
googleshoppingfs,9878898540860,52893609066812,9878898540860,ST-8RDE-16-ATSC-OOB,ST-8RDE-16-ATSC-OOB,2,hold_variant,,YES
googleshoppingfs,9878900179260,52892661252412,9878900179260,ST-8TR-20-ATSC,ST-8TR-20-ATSC,2,hold_variant,,YES
googleshoppingfs,9878900179260,52892661285180,9878900179260,ST-8TR-20-ATSC-OOB,ST-8TR-20-ATSC-OOB,2,hold_variant,,YES
googleshoppingfs,9878902636860,50749148070204,9878902636860,ST-8TRX-20-ATSC,ST-8TRX-20-ATSC,1,pending_approval_star_trac,,YES
googleshoppingfs,9878904209724,50749150527804,9878904209724,ST-8UB-16-ATSC,ST-8UB-16-ATSC,1,pending_approval_star_trac,,YES
googleshoppingfs,9878905291068,50749152657724,9878905291068,ST-8VB-79QS,ST-8VB-79QS,1,pending_approval_star_trac,,YES
googleshoppingfs,9878906241340,50749154853180,9878906241340,ST-8VS-16-ATSC,ST-8VS-16-ATSC,1,pending_approval_star_trac,,YES
googleshoppingfs,9878907355452,50749156753724,9878907355452,ST-FL114,ST-FL114,1,pending_approval_star_trac,,YES
googleshoppingfs,9878908010812,50749157638460,9878908010812,st-imab,st-imab,1,pending_approval_star_trac,,YES
googleshoppingfs,9878908567868,50749159670076,9878908567868,ST-KUSAP0,ST-KUSAP0,1,pending_approval_star_trac,,YES
googleshoppingfs,9878909124924,50749161406780,9878909124924,ST-KUSAP3,ST-KUSAP3,1,pending_approval_star_trac,,YES
googleshoppingfs,9878909944124,50749162619196,9878909944124,st4400,st4400,1,pending_approval_star_trac,,YES
googleshoppingfs,9878910763324,50749163766076,9878910763324,ST4TR15IN2024,ST4TR15IN2024,1,pending_approval_star_trac,,YES
googleshoppingfs,9878911549756,50749164650812,9878911549756,st5600,st5600,1,pending_approval_star_trac,,YES
googleshoppingfs,9878912172348,50749165601084,9878912172348,st6430,st6430,1,pending_approval_star_trac,,YES
googleshoppingfs,9878912663868,50749166354748,9878912663868,st7600,st7600,1,pending_approval_star_trac,,YES
googleshoppingfs,9878916104508,50749177364796,9878916104508,StarECT,StarECT,1,pending_approval_star_trac,,YES
googleshoppingfs,9878918005052,50749182935356,9878918005052,stblade,stblade,1,pending_approval_star_trac,,YES
googleshoppingfs,9878919184700,50749187981628,9878919184700,ste-e-tc,ste-e-tc,1,pending_approval_star_trac,,YES
googleshoppingfs,9878920331580,50749191029052,9878920331580,ste-EE4600,ste-EE4600,1,pending_approval_star_trac,,YES
googleshoppingfs,9878920888636,50749191782716,9878920888636,ste-EE5200,ste-EE5200,1,pending_approval_star_trac,,YES
googleshoppingfs,9878921380156,50749192700220,9878921380156,ste-ptbtx,ste-ptbtx,1,pending_approval_star_trac,,YES
googleshoppingfs,9878922494268,50749196435772,9878922494268,ste-rb,ste-rb,1,pending_approval_star_trac,,YES
googleshoppingfs,9878923772220,50749200892220,9878923772220,ste-rbe,ste-rbe,1,pending_approval_star_trac,,YES
googleshoppingfs,9878924230972,50749201645884,9878924230972,ste-sm,ste-sm,1,pending_approval_star_trac,,YES
googleshoppingfs,9878925443388,50749207019836,9878925443388,ste-st,ste-st,1,pending_approval_star_trac,,YES
googleshoppingfs,9878926754108,50749209444668,9878926754108,STE-STe,STE-STe,1,pending_approval_star_trac,,YES
googleshoppingfs,9878927311164,50749210493244,9878927311164,ste-tbt,ste-tbt,1,pending_approval_star_trac,,YES
googleshoppingfs,9878928589116,50749214916924,9878928589116,ste-tr,ste-tr,1,pending_approval_star_trac,,YES
googleshoppingfs,9878929506620,50749219209532,9878929506620,ste-tre,ste-tre,1,pending_approval_star_trac,,YES
googleshoppingfs,9878930129212,50749220225340,9878930129212,ste-trx,ste-trx,1,pending_approval_star_trac,,YES
googleshoppingfs,9878931636540,50749224124732,9878931636540,ste-trxe,ste-trxe,1,pending_approval_star_trac,,YES
googleshoppingfs,9878932324668,50749225402684,9878932324668,ste-ub,ste-ub,1,pending_approval_star_trac,,YES
googleshoppingfs,9878934421820,50749232054588,9878934421820,ste-ube,ste-ube,1,pending_approval_star_trac,,YES
googleshoppingfs,9878935142716,50749233234236,9878935142716,stiac,stiac,1,pending_approval_star_trac,,YES
googleshoppingfs,9878935765308,50749234217276,9878935765308,stidap,stidap,1,pending_approval_star_trac,,YES
googleshoppingfs,9878938321212,50749237526844,9878938321212,STIPL8505,STIPL8505,1,pending_approval_star_trac,,YES
googleshoppingfs,9878939074876,50749238935868,9878939074876,STJohnnySpin,STJohnnySpin,1,pending_approval_star_trac,,YES
googleshoppingfs,9878939992380,50749240246588,9878939992380,STMax,STMax,1,pending_approval_star_trac,,YES
googleshoppingfs,9878943203644,50749244539196,9878943203644,stpro,stpro,1,pending_approval_star_trac,,YES
googleshoppingfs,9878944121148,50749245686076,9878944121148,STProUB,STProUB,1,pending_approval_star_trac,,YES
googleshoppingfs,9878944710972,50749246701884,9878944710972,STPST,STPST,1,pending_approval_star_trac,,YES
googleshoppingfs,9878946349372,50749256696124,9878946349372,STSTRXTreadblack,STSTRXTreadblack,1,pending_approval_star_trac,,YES
googleshoppingfs,9878947627324,50749258891580,9878947627324,sttr4000,sttr4000,1,pending_approval_star_trac,,YES
googleshoppingfs,9878948053308,50749259284796,9878948053308,sttr4500,sttr4500,1,pending_approval_star_trac,,YES
