feed,current_id,new_id,product_id,title,in_tims_114
googleshoppingfrenchfitness,10414127087932,FF-STW-WB-3,10414127087932,French Fitness StudioWall 3-Bay Wall-Based Modular Storage & Training ,NO
googleshoppingfrenchfitness,9879098753340,FF-X12,9879098753340,French Fitness X12 4 Station Functional Trainer & Home Gym System - fo,NO
googleshoppingfrenchfitness,10019813589308,FF-HVD-GDR500,10019813589308,French Fitness Colorful Hex Vinyl 48 Pair Dumbbell Set w/ Body-Solid G,YES
googleshoppingfrenchfitness,10124211355964,FF-VAIL-TR,10124211355964,"French Fitness Vail Torso Rotation - Commercial Grade, Lifetime Frame ",YES
googleshoppingfrenchfitness,10269254254908,FF-MSS-123-2T,10269254254908,"French Fitness Monster Universal Storage System - Commercial Grade, Li",YES
googleshoppingfrenchfitness,10269254254908,FF-MSS-123-3T,10269254254908,"French Fitness Monster Universal Storage System - Commercial Grade, Li",YES
googleshoppingfrenchfitness,10269254254908,FF-MSS-151-2T,10269254254908,"French Fitness Monster Universal Storage System - Commercial Grade, Li",YES
googleshoppingfrenchfitness,10269254254908,FF-MSS-151-3T,10269254254908,"French Fitness Monster Universal Storage System - Commercial Grade, Li",YES
googleshoppingfrenchfitness,10269254254908,FF-MSS-48-2T,10269254254908,"French Fitness Monster Universal Storage System - Commercial Grade, Li",YES
googleshoppingfrenchfitness,10269254254908,FF-MSS-48-3T,10269254254908,"French Fitness Monster Universal Storage System - Commercial Grade, Li",YES
googleshoppingfrenchfitness,10269254254908,FF-MSS-77-2T,10269254254908,"French Fitness Monster Universal Storage System - Commercial Grade, Li",YES
googleshoppingfrenchfitness,10269254254908,FF-MSS-77-3T,10269254254908,"French Fitness Monster Universal Storage System - Commercial Grade, Li",YES
googleshoppingfrenchfitness,10269254254908,FF-MSS-94-2T,10269254254908,"French Fitness Monster Universal Storage System - Commercial Grade, Li",YES
googleshoppingfrenchfitness,10269254254908,FF-MSS-94-3T,10269254254908,"French Fitness Monster Universal Storage System - Commercial Grade, Li",YES
googleshoppingfrenchfitness,9878464627004,FF-HPB100,9878464627004,"French Fitness Heavy Punching Bag, 100 lb - Commercial Grade, 1-Year L",YES
googleshoppingfs,10012639789372,ST-10TRX-110-24IN-79,10012639789372,"Star Trac 10 Series TRX Freerunner w/24"" Touch Display - Commercial Gr",YES
googleshoppingfs,10012673343804,ST-10TRX-110-LED-MI-79,10012673343804,"Star Trac 10 Series Freerunner w/LED - Commercial Grade, Full Manufact",YES
googleshoppingfs,10012746219836,ST-8TRX-110-24IN-60,10012746219836,"Star Trac 8 Series TRX Treadmill w/24"" Touch Display - Commercial Grad",YES
googleshoppingfs,10012773548348,ST-8TRX-110-LED-MI-60,10012773548348,"Star Trac 8 Series TRX Treadmill w/LED - Commercial Grade, Full Manufa",YES
googleshoppingfs,10104579850556,ST-6TR-110-LCD,10104579850556,"Star Trac 6 Series 6TR Treadmill w/LCD - Black - Commercial Grade, Ful",YES
googleshoppingfs,10129933762876,ST-6TR-110-24IN,10129933762876,"Star Trac 6 Series 6TR Treadmill w/24"" Embedded Display - Black - Comm",YES
googleshoppingfs,10138120585532,ST-6TR-110-LED,10138120585532,"Star Trac 6 Series 6TR Treadmill w/LED - Black - Commercial Grade, Ful",YES
googleshoppingfs,10138129301820,ST-6TR-110-16IN,10138129301820,"Star Trac 6 Series 6TR Treadmill w/16"" Embedded Display - Black - Comm",YES
googleshoppingfs,10143915147580,ST-8TR-110-24IN-60,10143915147580,"Star Trac 8 Series TR Treadmill w/24"" Touch Display - Commercial Grade",YES
googleshoppingfs,10143925928252,ST-8TR-110-LED-MI-60,10143925928252,"Star Trac 8 Series TR Treadmill w/LED - Commercial Grade, Full Manufac",YES
googleshoppingfs,10145609482556,ST-8RDE-16IN-60,10145609482556,"Star Trac 8 Series Rear Drive Elliptical w/16"" Touch Display - Commerc",YES
googleshoppingfs,10145616986428,ST-8RDE-LED-60,10145616986428,"Star Trac 8 Series Rear Drive Elliptical w/LED - Commercial Grade, Ful",YES
googleshoppingfs,10145641857340,ST-8CT-16IN-60,10145641857340,"Star Trac 8 Series Cross Trainer w/16"" Touch Display - Commercial Grad",YES
googleshoppingfs,10145740325180,ST-8CT-LED-60,10145740325180,"Star Trac 8 Series Cross Trainer w/LED - Commercial Grade, Full Manufa",YES
googleshoppingfs,10175750242620,ST-8RB-16IN-60,10175750242620,"Star Trac 8 Series Recumbent Bike w/16"" Touch Display",YES
googleshoppingfs,10175768723772,ST-8RB-LED-60,10175768723772,"Star Trac 8 Series Recumbent Bike w/LED - Commercial Grade, Full Manuf",YES
googleshoppingfs,10176330301756,ST-8UB-LED-60,10176330301756,"Star Trac 8 Series Upright Bike w/LED - Commercial Grade, Full Manufac",YES
googleshoppingfs,10177568473404,ST-8UB-16IN-60,10177568473404,"Star Trac 8 Series Upright Bike w/16"" Touch Display - Commercial Grade",YES
googleshoppingfs,10177616675132,ST-8VS-16IN-60,10177616675132,"Star Trac 8 Series Versastrider w/16"" Touch Display - Commercial Grade",YES
googleshoppingfs,10177840841020,ST-8VS-LED-60,10177840841020,"Star Trac 8 Series Versastrider w/LED - Commercial Grade, Full Manufac",YES
googleshoppingfs,10225631887676,ST-6CT-16IN-60,10225631887676,"Star Trac 6 Series Cross Trainer w/16"" Touch Display - Commercial Grad",YES
googleshoppingfs,10225641554236,ST-6CT-LED-60,10225641554236,"Star Trac 6 Series Cross Trainer w/LED - Commercial Grade, Full Manufa",YES
googleshoppingfs,10225691263292,ST-6CT-LCD-60,10225691263292,"Star Trac 6 Series Cross Trainer w/LCD - Commercial Grade, Full Manufa",YES
googleshoppingfs,10227267469628,ST-6RB-16IN-60,10227267469628,"Star Trac 6 Series Recumbent Bike w/16"" Touch Display - Commercial Gra",YES
googleshoppingfs,10227283624252,ST-6RB-LED-60,10227283624252,"Star Trac 6 Series Recumbent Bike w/LED - Commercial Grade, Full Manuf",YES
googleshoppingfs,10231481499964,ST-6RB-LCD-60,10231481499964,"Star Trac 6 Series Recumbent Bike w/LCD - Commercial Grade, Full Manuf",YES
googleshoppingfs,10233224855868,ST-6UB-16IN-60,10233224855868,"Star Trac 6 Series Upright Bike w/16"" Touch Display - Commercial Grade",YES
googleshoppingfs,10234029703484,ST-6UB-LED-60,10234029703484,"Star Trac 6 Series Upright Bike w/LED - Commercial Grade, Full Manufac",YES
googleshoppingfs,10234173653308,ST-6UB-LCD-60,10234173653308,"Star Trac 6 Series Upright Bike w/LCD - Commercial Grade, Full Manufac",YES
googleshoppingfs,10440921809212,PRECOR-C404EC,10440921809212,Precor C404EC Experience Strength C-Line Chest Press - Remanufactured ,YES
googleshoppingfs,9878802334012,SM-TC5,9878802334012,"StairMaster TreadClimber 5 - Remanufactured in USA, 1-Year Parts & Lab",YES
googleshoppingfs,9878869147964,ST-10TRX-19-REMAN,9878869147964,"Star Trac 10 Series Freerunner Treadmill w/19"" Embedded Display - Rema",YES
googleshoppingfs,9878869737788,ST-10TRX-20-ATSC,9878869737788,"Star Trac 10 Series Freerunner Treadmill w/20"" Embedded Display - Comm",YES
googleshoppingfs,9878872097084,ST-3140-KINTP0,9878872097084,"Star Trac S Series Upright Bike w/LCD - Black - Commercial Grade, Full",YES
googleshoppingfs,9878873112892,elite6230,9878873112892,"Star Trac Elite 6230 Pro Elliptical - Remanufactured in USA, 1-Year Pa",YES
googleshoppingfs,9878873243964,ST-3150-KINTP0,9878873243964,"Star Trac S Series Recumbent Bike w/LCD - Black - Commercial Grade, Fu",YES
googleshoppingfs,9878874325308,ST-3150-KINTP0-SILVER,9878874325308,Star Trac S Series Recumbent Bike w/LCD - Silver - Remanufactured in U,YES
googleshoppingfs,9878875341116,ST-4060-KINTP0,9878875341116,"Star Trac S Series Cross Trainer w/LCD - Black - Commercial Grade, Ful",YES
googleshoppingfs,9878876029244,ST-4CT-10-TS,9878876029244,"Star Trac 4 Series Cross Trainer w/10"" Touch Display - Black - High-Qu",YES
googleshoppingfs,9878876815676,ST-4CT-10IN,9878876815676,"Star Trac 4 Series Cross Trainer w/10"" LCD - Black - High-Quality, Ful",YES
googleshoppingfs,9878877929788,ST-4CT-15-ATSC,9878877929788,"Star Trac 4 Series Cross Trainer w/15"" Embedded Display - Black - High",YES
googleshoppingfs,9878878519612,ST-4RB-10-TS,9878878519612,"Star Trac 4 Series Recumbent Bike w/10"" Touch Display - Black - High-Q",YES
googleshoppingfs,9878878945596,ST-4RB-10IN,9878878945596,"Star Trac 4 Series Recumbent Bike w/10"" LCD - Black - High-Quality, Fu",YES
googleshoppingfs,9878879830332,ST-4RB-15-ATSC,9878879830332,"Star Trac 4 Series Recumbent Bike w/15"" Embedded Display - Black - Hig",YES
googleshoppingfs,9878880747836,ST-4TR-10-TS,9878880747836,"Star Trac 4 Series Treadmill w/10"" Touch Display - Black - High-Qualit",YES
googleshoppingfs,9878882386236,ST-4TR-10IN,9878882386236,"Star Trac 4 Series Treadmill w/10"" LCD - Black - High-Quality, Full Ma",YES
googleshoppingfs,9878885237052,ST-4TR-15-ATSC,9878885237052,"Star Trac 4 Series Treadmill w/15"" Embedded Display - Black - High-Qua",YES
googleshoppingfs,9878886285628,ST-4UB-10-TS,9878886285628,"Star Trac 4 Series Upright Bike w/10"" Touch Display - Black - High-Qua",YES
googleshoppingfs,9878887792956,ST-4UB-10IN,9878887792956,"Star Trac 4 Series Upright Bike w/10"" LCD - Black - High-Quality, Full",YES
googleshoppingfs,9878889857340,ST-4UB-15-ATSC,9878889857340,"Star Trac 4 Series Upright Bike w/15"" Embedded Display - Black - High-",YES
googleshoppingfs,9878891036988,ST-8CT-16-ATSC,9878891036988,"Star Trac 8 Series Cross Trainer w/16"" Embedded Display - Black - Comm",YES
googleshoppingfs,9878893527356,ST-8RB-16-ATSC,9878893527356,"Star Trac 8 Series Recumbent Bike w/16"" Embedded Display - Black - Com",YES
googleshoppingfs,9878898540860,ST-8RDE-16-ATSC,9878898540860,"Star Trac 8 Series Rear Drive Elliptical w/16"" Embedded Display - Blac",YES
googleshoppingfs,9878898540860,ST-8RDE-16-ATSC-OOB,9878898540860,"Star Trac 8 Series Rear Drive Elliptical w/16"" Embedded Display - Blac",YES
googleshoppingfs,9878900179260,ST-8TR-20-ATSC,9878900179260,"Star Trac 8 Series TR Treadmill w/20"" Embedded Display - Black - Comme",YES
googleshoppingfs,9878900179260,ST-8TR-20-ATSC-OOB,9878900179260,"Star Trac 8 Series TR Treadmill w/20"" Embedded Display - Black - Comme",YES
googleshoppingfs,9878902636860,ST-8TRX-20-ATSC,9878902636860,"Star Trac 8 Series TRX Treadmill w/20"" Embedded Display - Black - Comm",YES
googleshoppingfs,9878904209724,ST-8UB-16-ATSC,9878904209724,"Star Trac 8 Series Upright Bike w/16"" Embedded Display - Black - Comme",YES
googleshoppingfs,9878905291068,ST-8VB-79QS,9878905291068,"Star Trac Virtual Bike Indoor Cycle w/21"" Touchscreen - Commercial Gra",YES
googleshoppingfs,9878906241340,ST-8VS-16-ATSC,9878906241340,"Star Trac 8 Series Versastrider w/16"" Embedded Display - Black - Comme",YES
googleshoppingfs,9878907355452,ST-FL114,9878907355452,"Star Trac Angled Linear Leg Press FL-114 - Remanufactured in USA, 1-Ye",YES
googleshoppingfs,9878908010812,st-imab,9878908010812,"Star Trac Instinct Multi Adjustable Bench - Remanufactured in USA, 1-Y",YES
googleshoppingfs,9878908567868,ST-KUSAP0,9878908567868,"Star Trac S Series TRC Treadmill w/LCD - Black - Commercial Grade, Ful",YES
googleshoppingfs,9878909124924,ST-KUSAP3,9878909124924,"Star Trac S Series TRX Treadmill w/LCD - Black - High-Quality, Full Ma",YES
googleshoppingfs,9878909944124,st4400,9878909944124,"Star Trac Recumbent Bike 4400 - Remanufactured in USA, 1-Year Parts & ",YES
googleshoppingfs,9878910763324,ST4TR15IN2024,9878910763324,"Star Trac 4 Series Treadmill w/15"" Embedded Display - Black, 2024 Mode",YES
googleshoppingfs,9878911549756,st5600,9878911549756,"Star Trac 5600 Pro Commercial Treadmill - Remanufactured in USA, 1-Yea",YES
googleshoppingfs,9878912172348,st6430,9878912172348,"Star Trac Pro Recumbent Bike 6430 - Remanufactured in USA, 1-Year Part",YES
googleshoppingfs,9878912663868,st7600,9878912663868,"Star Trac 7600 Pro Treadmill - Remanufactured in USA, 1-Year Parts & L",YES
googleshoppingfs,9878916104508,StarECT,9878916104508,"Star Trac E-CT Elliptical - Remanufactured in USA, 1-Year Parts & Labo",YES
googleshoppingfs,9878918005052,stblade,9878918005052,"Star Trac Blade Indoor Cycle - Remanufactured in USA, 1-Year Parts & L",YES
googleshoppingfs,9878919184700,ste-e-tc,9878919184700,"Star Trac E-TC Treadclimber - Remanufactured in USA, 1-Year Parts & La",YES
googleshoppingfs,9878920331580,ste-EE4600,9878920331580,"Star Trac EE4600 Edge Elliptical - Remanufactured in USA, 1-Year Parts",YES
googleshoppingfs,9878920888636,ste-EE5200,9878920888636,"Star Trac EE5200 Natural Runner Elliptical - Remanufactured in USA, 1-",YES
googleshoppingfs,9878921380156,ste-ptbtx,9878921380156,Star Trac P-TBTx Total Body Trainer Elliptical - Remanufactured in USA,YES
googleshoppingfs,9878922494268,ste-rb,9878922494268,"Star Trac E-RB E Series Recumbent Bike - Remanufactured in USA, 1-Year",YES
googleshoppingfs,9878923772220,ste-rbe,9878923772220,"Star Trac E-RBe Recumbent Bike w/Touch Screen - Remanufactured in USA,",YES
googleshoppingfs,9878924230972,ste-sm,9878924230972,"Star Trac E-SM Stairmill 9-5180-MINTPO - Remanufactured in USA, 1-Year",YES
googleshoppingfs,9878925443388,ste-st,9878925443388,"Star Trac E-ST Stepper - Remanufactured in USA, 1-Year Parts & Labor W",YES
googleshoppingfs,9878926754108,STE-STe,9878926754108,Star Trac E-STe E Series Stepper w/Embedded Screen - Remanufactured in,YES
googleshoppingfs,9878927311164,ste-tbt,9878927311164,"Star Trac E-TBT E Series Elliptical - Remanufactured in USA, 1-Year Pa",YES
googleshoppingfs,9878928589116,ste-tr,9878928589116,"Star Trac E-TR E Series Treadmill - Remanufactured in USA, 1-Year Part",YES
googleshoppingfs,9878929506620,ste-tre,9878929506620,"Star Trac E-TRE Touch Screen Treadmill - Remanufactured in USA, 1-Year",YES
googleshoppingfs,9878930129212,ste-trx,9878930129212,"Star Trac E-TRX Treadmill - Remanufactured in USA, 1-Year Parts & Labo",YES
googleshoppingfs,9878931636540,ste-trxe,9878931636540,"Star Trac E-TRxe Treadmill 9-9051-MUSAPO - Remanufactured in USA, 1-Ye",YES
googleshoppingfs,9878932324668,ste-ub,9878932324668,"Star Trac E-UB E Series Upright Bike - Remanufactured in USA, 1-Year P",YES
googleshoppingfs,9878934421820,ste-ube,9878934421820,"Star Trac E-UBe Upright Bike w/Touch Screen - Remanufactured in USA, 1",YES
googleshoppingfs,9878935142716,stiac,9878935142716,"Star Trac Impact Ab Abdominal Crunch Machine - Remanufactured in USA, ",YES
googleshoppingfs,9878935765308,stidap,9878935765308,"Star Trac Instinct Dual Adjustable Pulley - Remanufactured in USA, 1-Y",YES
googleshoppingfs,9878938321212,STIPL8505,9878938321212,"Star Trac IP-L8505 Max Rack (Newer Version) - Remanufactured in USA, 1",YES
googleshoppingfs,9878939074876,STJohnnySpin,9878939074876,"Star Trac Johnny G PRO Bike - Remanufactured in USA, 1-Year Parts & La",YES
googleshoppingfs,9878939992380,STMax,9878939992380,Star Trac Max Squat Rack / Full Cage / Smith Machine - Remanufactured ,YES
googleshoppingfs,9878943203644,stpro,9878943203644,"Star Trac PRO Indoor Cycle - Remanufactured in USA, 1-Year Parts & Lab",YES
googleshoppingfs,9878944121148,STProUB,9878944121148,"Star Trac Pro Upright Bike - Remanufactured in USA, 1-Year Parts & Lab",YES
googleshoppingfs,9878944710972,STPST,9878944710972,"Star Trac P-ST Pro Stair Stepper - Remanufactured in USA, 1-Year Parts",YES
googleshoppingfs,9878946349372,STSTRXTreadblack,9878946349372,"Star Trac S-TRx Treadmill - Remanufactured in USA, 1-Year Parts & Labo",YES
googleshoppingfs,9878947627324,sttr4000,9878947627324,"Star Trac TR 4000 Treadmill - Remanufactured in USA, 1-Year Parts & La",YES
googleshoppingfs,9878948053308,sttr4500,9878948053308,"Star Trac TR 4500 Treadmill - Remanufactured in USA, 1-Year Parts & La",YES
