current_id,new_id_sku,mpn,title,price,condition,availability
9878948053308,sttr4500,tr4500,"Star Trac TR 4500 Treadmill - Remanufactured in USA, 1-Year Parts & Labor Warranty",3999 USD,refurbished,in stock
9878947627324,sttr4000,tr4000,"Star Trac TR 4000 Treadmill - Remanufactured in USA, 1-Year Parts & Labor Warranty",3999 USD,refurbished,in stock
9878946349372,STSTRXTreadblack,STSTRXTreadblack,"Star Trac S-TRx Treadmill - Remanufactured in USA, 1-Year Parts & Labor Warranty",4399 USD,refurbished,in stock
9878944710972,STPST,P-ST,"Star Trac P-ST Pro Stair Stepper - Remanufactured in USA, 1-Year Parts & Labor Warranty",3599 USD,refurbished,in stock
9878944121148,STProUB,STProUB,"Star Trac Pro Upright Bike - Remanufactured in USA, 1-Year Parts & Labor Warranty",3199 USD,refurbished,in stock
9878943203644,stpro,PRO,"Star Trac PRO Indoor Cycle - Remanufactured in USA, 1-Year Parts & Labor Warranty",2349 USD,refurbished,in stock
9878939992380,STMax,STMax,"Star Trac Max Squat Rack / Full Cage / Smith Machine - Remanufactured in USA, 1-Year Parts & Labor Warranty",4299 USD,refurbished,out of stock
9878939074876,STJohnnySpin,JOHNNYG,"Star Trac Johnny G PRO Bike - Remanufactured in USA, 1-Year Parts & Labor Warranty",2249 USD,refurbished,in stock
9878938321212,STIPL8505,IP-L8505,"Star Trac IP-L8505 Max Rack (Newer Version) - Remanufactured in USA, 1-Year Parts & Labor Warranty",4399 USD,refurbished,in stock
9878935765308,stidap,stidap,"Star Trac Instinct Dual Adjustable Pulley - Remanufactured in USA, 1-Year Parts & Labor Warranty",4899 USD,refurbished,out of stock
9878935142716,stiac,stiac,"Star Trac Impact Ab Abdominal Crunch Machine - Remanufactured in USA, 1-Year Parts & Labor Warranty",4099 USD,refurbished,out of stock
9878934421820,ste-ube,E-UBe,"Star Trac E-UBe Upright Bike w/Touch Screen - Remanufactured in USA, 1-Year Parts & Labor Warranty",3699 USD,refurbished,in stock
9878932324668,ste-ub,ste-ub,"Star Trac E-UB E Series Upright Bike - Remanufactured in USA, 1-Year Parts & Labor Warranty",3499 USD,refurbished,in stock
9878931636540,ste-trxe,9-9051-MUSAPO,"Star Trac E-TRxe Treadmill 9-9051-MUSAPO - Remanufactured in USA, 1-Year Parts & Labor Warranty",4799 USD,refurbished,in stock
9878928589116,ste-tr,ste-tr,"Star Trac E-TR E Series Treadmill - Remanufactured in USA, 1-Year Parts & Labor Warranty",4099 USD,refurbished,in stock
9878927311164,ste-tbt,stetbt,"Star Trac E-TBT E Series Elliptical - Remanufactured in USA, 1-Year Parts & Labor Warranty",4099 USD,refurbished,out of stock
9878930129212,ste-trx,ste-trx,"Star Trac E-TRX Treadmill - Remanufactured in USA, 1-Year Parts & Labor Warranty",4399 USD,refurbished,in stock
9878929506620,ste-tre,ste-tre,"Star Trac E-TRE Touch Screen Treadmill - Remanufactured in USA, 1-Year Parts & Labor Warranty",4599 USD,refurbished,in stock
9878926754108,STE-STe,STE-STe,"Star Trac E-STe E Series Stepper w/Embedded Screen - Remanufactured in USA, 1-Year Parts & Labor Warranty",3699 USD,refurbished,in stock
9878925443388,ste-st,ste-st,"Star Trac E-ST Stepper - Remanufactured in USA, 1-Year Parts & Labor Warranty",3699 USD,refurbished,in stock
9878923772220,ste-rbe,ste-rbe,"Star Trac E-RBe Recumbent Bike w/Touch Screen - Remanufactured in USA, 1-Year Parts & Labor Warranty",3699 USD,refurbished,in stock
9878924230972,ste-sm,9-5180-MINTPO,"Star Trac E-SM Stairmill 9-5180-MINTPO - Remanufactured in USA, 1-Year Parts & Labor Warranty",4699 USD,refurbished,in stock
9878922494268,ste-rb,ste-rb,"Star Trac E-RB E Series Recumbent Bike - Remanufactured in USA, 1-Year Parts & Labor Warranty",3499 USD,refurbished,in stock
9878921380156,ste-ptbtx,steptbtx,"Star Trac P-TBTx Total Body Trainer Elliptical - Remanufactured in USA, 1-Year Parts & Labor Warranty",4099 USD,refurbished,out of stock
9878920888636,ste-EE5200,steEE5200,"Star Trac EE5200 Natural Runner Elliptical - Remanufactured in USA, 1-Year Parts & Labor Warranty",4099 USD,refurbished,out of stock
9878920331580,ste-EE4600,steEE4600,"Star Trac EE4600 Edge Elliptical - Remanufactured in USA, 1-Year Parts & Labor Warranty",4099 USD,refurbished,in stock
9878919184700,ste-e-tc,ste-e-tc,"Star Trac E-TC Treadclimber - Remanufactured in USA, 1-Year Parts & Labor Warranty",4899 USD,refurbished,in stock
9878916104508,StarECT,StarECT,"Star Trac E-CT Elliptical - Remanufactured in USA, 1-Year Parts & Labor Warranty",4299 USD,refurbished,in stock
9878918005052,stblade,BLADE,"Star Trac Blade Indoor Cycle - Remanufactured in USA, 1-Year Parts & Labor Warranty",2999 USD,refurbished,in stock
9878912663868,st7600,st7600,"Star Trac 7600 Pro Treadmill - Remanufactured in USA, 1-Year Parts & Labor Warranty",4099 USD,refurbished,in stock
9878912172348,st6430,ST6430HR-161,"Star Trac Pro Recumbent Bike 6430 - Remanufactured in USA, 1-Year Parts & Labor Warranty",3399 USD,refurbished,in stock
9878911549756,st5600,st5600,"Star Trac 5600 Pro Commercial Treadmill - Remanufactured in USA, 1-Year Parts & Labor Warranty",3999 USD,refurbished,in stock
9878910763324,ST4TR15IN2024,ST4TR15IN2024,"Star Trac 4 Series Treadmill w/15"" Embedded Display - Black, 2024 Model - Remanufactured in USA, 1-Year Parts & Labor Warranty",5299 USD,refurbished,in stock
9878909944124,st4400,4400,"Star Trac Recumbent Bike 4400 - Remanufactured in USA, 1-Year Parts & Labor Warranty",3399 USD,refurbished,out of stock
9878909124924,ST-KUSAP3,9-3573-KUSAP3,"Star Trac S Series TRX Treadmill w/LCD - Black - High-Quality, Full Manufacturer's Warranty",5699 USD,new,in stock
9878908567868,ST-KUSAP0,9-3581-KUSAP0,"Star Trac S Series TRC Treadmill w/LCD - Black - Commercial Grade, Full Manufacturer's Warranty",6879 USD,new,in stock
9878908010812,st-imab,st-imab,"Star Trac Instinct Multi Adjustable Bench - Remanufactured in USA, 1-Year Parts & Labor Warranty",2599 USD,refurbished,out of stock
9878907355452,ST-FL114,FL-114,"Star Trac Angled Linear Leg Press FL-114 - Remanufactured in USA, 1-Year Parts & Labor Warranty",4199 USD,refurbished,in stock
9878906241340,ST-8VS-16-ATSC,9-6160-8VS-A15-60B,"Star Trac 8 Series Versastrider w/16"" Embedded Display - Black - Commercial Grade, Full Manufacturer's Warranty",13999 USD,new,in stock
9878905291068,ST-8VB-79QS,9-7555-8VB-79QS,"Star Trac Virtual Bike Indoor Cycle w/21"" Touchscreen - Commercial Grade, Full Manufacturer's Warranty",5999 USD,new,in stock
9878904209724,ST-8UB-16-ATSC,9-8140-8UB-A15-60B,"Star Trac 8 Series Upright Bike w/16"" Embedded Display - Black - Commercial Grade, Full Manufacturer's Warranty",8499 USD,new,in stock
9878902636860,ST-8TRX-20-ATSC,9-9291-8TRX-A20-60B,"Star Trac 8 Series TRX Treadmill w/20"" Embedded Display - Black - Commercial Grade, Full Manufacturer's Warranty",13999 USD,new,in stock
9878893527356,ST-8RB-16-ATSC,9-8150-8RB-A15-60B,"Star Trac 8 Series Recumbent Bike w/16"" Embedded Display - Black - Commercial Grade, Full Manufacturer's Warranty",9099 USD,new,in stock
9878900179260,ST-8TR-20-ATSC,9-9281-8TR-110-LCD-60BLK,"Star Trac 8 Series TR Treadmill w/20"" Embedded Display - Black - Commercial Grade, Full Manufacturer's Warranty",13999 USD,new,in stock
9878900179260,ST-8TR-20-ATSC-OOB,9-9281-8TR-110-LCD-60BLK,"Star Trac 8 Series TR Treadmill w/20"" Embedded Display - Black - Commercial Grade, Full Manufacturer's Warranty",13999 USD,new,out of stock
9878898540860,ST-8RDE-16-ATSC,9-6150-8RDE-A15-60B,"Star Trac 8 Series Rear Drive Elliptical w/16"" Embedded Display - Black - Commercial Grade, Full Manufacturer's Warranty",12799 USD,new,in stock
9878898540860,ST-8RDE-16-ATSC-OOB,9-6150-8RDE-A15-60B,"Star Trac 8 Series Rear Drive Elliptical w/16"" Embedded Display - Black - Commercial Grade, Full Manufacturer's Warranty",12799 USD,new,out of stock
9878891036988,ST-8CT-16-ATSC,9-6140-8CT-A15-60B,"Star Trac 8 Series Cross Trainer w/16"" Embedded Display - Black - Commercial Grade, Full Manufacturer's Warranty",11699 USD,new,in stock
9878889857340,ST-4UB-15-ATSC,9-3180-4UB-15-ATSC-60BLK,"Star Trac 4 Series Upright Bike w/15"" Embedded Display - Black - High-Quality, Full Manufacturer's Warranty",6899 USD,new,in stock
9878887792956,ST-4UB-10IN,9-3180-4UB-10IN-60BLK,"Star Trac 4 Series Upright Bike w/10"" LCD - Black - High-Quality, Full Manufacturer's Warranty",2699 USD,new,in stock
9878886285628,ST-4UB-10-TS,9-3180-4UB-10-TS-60BLK,"Star Trac 4 Series Upright Bike w/10"" Touch Display - Black - High-Quality, Full Manufacturer's Warranty",3199 USD,new,in stock
9878885237052,ST-4TR-15-ATSC,9-3613-4TR-110-15A-15-ATSC-60B,"Star Trac 4 Series Treadmill w/15"" Embedded Display - Black - High-Quality, Full Manufacturer's Warranty",8499 USD,new,in stock
9878882386236,ST-4TR-10IN,9-3613-4TR-110-15A-10IN-60BLK,"Star Trac 4 Series Treadmill w/10"" LCD - Black - High-Quality, Full Manufacturer's Warranty",3799 USD,new,in stock
9878880747836,ST-4TR-10-TS,9-3613-4TR-110-15A-10-TS-60BLK,"Star Trac 4 Series Treadmill w/10"" Touch Display - Black - High-Quality, Full Manufacturer's Warranty",4799 USD,new,in stock
9878878519612,ST-4RB-10-TS,9-3190-4RB-10-TS-60BLK,"Star Trac 4 Series Recumbent Bike w/10"" Touch Display - Black - High-Quality, Full Manufacturer's Warranty",3549 USD,new,in stock
9878879830332,ST-4RB-15-ATSC,9-3190-4RB-15-ATSC-60BLK,"Star Trac 4 Series Recumbent Bike w/15"" Embedded Display - Black - High-Quality, Full Manufacturer's Warranty",7259 USD,new,in stock
9878878945596,ST-4RB-10IN,9-3190-4RB-10IN-60BLK,"Star Trac 4 Series Recumbent Bike w/10"" LCD - Black - High-Quality, Full Manufacturer's Warranty",2999 USD,new,in stock
9878877929788,ST-4CT-15-ATSC,9-4080-4CT-15-ATSC-60BLK,"Star Trac 4 Series Cross Trainer w/15"" Embedded Display - Black - High-Quality, Full Manufacturer's Warranty",7799 USD,new,in stock
9878876815676,ST-4CT-10IN,9-4080-4CT-10IN-60BLK,"Star Trac 4 Series Cross Trainer w/10"" LCD - Black - High-Quality, Full Manufacturer's Warranty",3299 USD,new,in stock
9878876029244,ST-4CT-10-TS,9-4080-4CT-10-TS-60BLK,"Star Trac 4 Series Cross Trainer w/10"" Touch Display - Black - High-Quality, Full Manufacturer's Warranty",4099 USD,new,in stock
9878875341116,ST-4060-KINTP0,9-4060-KINTP0,"Star Trac S Series Cross Trainer w/LCD - Black - Commercial Grade, Full Manufacturer's Warranty",5899 USD,new,in stock
9878874325308,ST-3150-KINTP0-SILVER,9-3150-KINTP0,"Star Trac S Series Recumbent Bike w/LCD - Silver - Remanufactured in USA, 1-Year Parts & Labor Warranty",3299 USD,refurbished,in stock
9878873243964,ST-3150-KINTP0,9-3150-KINTP0,"Star Trac S Series Recumbent Bike w/LCD - Black - Commercial Grade, Full Manufacturer's Warranty",3599 USD,new,in stock
9878873112892,elite6230,ST6230,"Star Trac Elite 6230 Pro Elliptical - Remanufactured in USA, 1-Year Parts & Labor Warranty",4499 USD,refurbished,out of stock
9878872097084,ST-3140-KINTP0,9-3140-KINTP0,"Star Trac S Series Upright Bike w/LCD - Black - Commercial Grade, Full Manufacturer's Warranty",3029 USD,new,in stock
9878869737788,ST-10TRX-20-ATSC,9-9271-10TRX-110-19-ATSC,"Star Trac 10 Series Freerunner Treadmill w/20"" Embedded Display - Commercial Grade, Full Manufacturer's Warranty",16999 USD,new,in stock
9878869147964,ST-10TRX-19-REMAN,ST-10TRX-19-REMAN,"Star Trac 10 Series Freerunner Treadmill w/19"" Embedded Display - Remanufactured in USA, 1-Year Parts & Labor Warranty",7499 USD,refurbished,out of stock
9878802334012,SM-TC5,SM-TC5,"StairMaster TreadClimber 5 - Remanufactured in USA, 1-Year Parts & Labor Warranty",4799 USD,refurbished,out of stock
10440921809212,PRECOR-C404EC,PRECOR-C404EC,"Precor C404EC Experience Strength C-Line Chest Press - Remanufactured in USA, 1-Year Parts & Labor Warranty",3699 USD,refurbished,in stock
10234173653308,ST-6UB-LCD-60,9-8180-6UB-LCD-60,"Star Trac 6 Series Upright Bike w/LCD - Commercial Grade, Full Manufacturer's Warranty",3399 USD,new,in stock
10234029703484,ST-6UB-LED-60,9-8180-6UB-LED-60,"Star Trac 6 Series Upright Bike w/LED - Commercial Grade, Full Manufacturer's Warranty",3829 USD,new,in stock
10233224855868,ST-6UB-16IN-60,9-8180-6UB-16IN-60,"Star Trac 6 Series Upright Bike w/16"" Touch Display - Commercial Grade, Full Manufacturer's Warranty",8499 USD,new,in stock
10231481499964,ST-6RB-LCD-60,9-8190-6RB-LCD-60,"Star Trac 6 Series Recumbent Bike w/LCD - Commercial Grade, Full Manufacturer's Warranty",3799 USD,new,in stock
10227283624252,ST-6RB-LED-60,9-8190-6RB-LED-60,"Star Trac 6 Series Recumbent Bike w/LED - Commercial Grade, Full Manufacturer's Warranty",4249 USD,new,in stock
10227267469628,ST-6RB-16IN-60,9-8190-6RB-16IN-60,"Star Trac 6 Series Recumbent Bike w/16"" Touch Display - Commercial Grade, Full Manufacturer's Warranty",8999 USD,new,in stock
10225691263292,ST-6CT-LCD-60,9-6240-6CT-LCD-60,"Star Trac 6 Series Cross Trainer w/LCD - Commercial Grade, Full Manufacturer's Warranty",5799 USD,new,in stock
10225641554236,ST-6CT-LED-60,9-6240-6CT-LED-60,"Star Trac 6 Series Cross Trainer w/LED - Commercial Grade, Full Manufacturer's Warranty",6249 USD,new,in stock
10225631887676,ST-6CT-16IN-60,9-6240-6CT-16IN-60,"Star Trac 6 Series Cross Trainer w/16"" Touch Display - Commercial Grade, Full Manufacturer's Warranty",10299 USD,new,in stock
10176330301756,ST-8UB-LED-60,9-8160-8UB-LED-60,"Star Trac 8 Series Upright Bike w/LED - Commercial Grade, Full Manufacturer's Warranty",5199 USD,new,in stock
10175768723772,ST-8RB-LED-60,9-8170-8RB-LED-60,"Star Trac 8 Series Recumbent Bike w/LED - Commercial Grade, Full Manufacturer's Warranty",5949 USD,new,in stock
10175750242620,ST-8RB-16IN-60,9-8170-8RB-16IN-60,"Star Trac 8 Series Recumbent Bike w/16"" Touch Display",9899 USD,new,in stock
10177840841020,ST-8VS-LED-60,9-6190-8VS-LED-60,"Star Trac 8 Series Versastrider w/LED - Commercial Grade, Full Manufacturer's Warranty",10599 USD,new,in stock
10177616675132,ST-8VS-16IN-60,9-6190-8VS-16IN-60,"Star Trac 8 Series Versastrider w/16"" Touch Display - Commercial Grade, Full Manufacturer's Warranty",14999 USD,new,in stock
10177568473404,ST-8UB-16IN-60,9-8160-8UB-16IN-60,"Star Trac 8 Series Upright Bike w/16"" Touch Display - Commercial Grade, Full Manufacturer's Warranty",9499 USD,new,in stock
10145740325180,ST-8CT-LED-60,9-6170-8CT-LED-60,"Star Trac 8 Series Cross Trainer w/LED - Commercial Grade, Full Manufacturer's Warranty",8199 USD,new,in stock
10145641857340,ST-8CT-16IN-60,9-6170-8CT-16IN-60,"Star Trac 8 Series Cross Trainer w/16"" Touch Display - Commercial Grade, Full Manufacturer's Warranty",12499 USD,new,in stock
10145616986428,ST-8RDE-LED-60,9-6180-8RDE-LED-60,"Star Trac 8 Series Rear Drive Elliptical w/LED - Commercial Grade, Full Manufacturer's Warranty",7499 USD,new,in stock
10145609482556,ST-8RDE-16IN-60,9-6180-8RDE-16IN-60,"Star Trac 8 Series Rear Drive Elliptical w/16"" Touch Display - Commercial Grade, Full Manufacturer's Warranty",11799 USD,new,in stock
10143925928252,ST-8TR-110-LED-MI-60,9-9321-8TR-110-LED-MI-60,"Star Trac 8 Series TR Treadmill w/LED - Commercial Grade, Full Manufacturer's Warranty",9199 USD,new,in stock
10143915147580,ST-8TR-110-24IN-60,9-9321-8TR-110-24IN-60,"Star Trac 8 Series TR Treadmill w/24"" Touch Display - Commercial Grade, Full Manufacturer's Warranty",13999 USD,new,in stock
10138129301820,ST-6TR-110-16IN,ST-6TR-110-16IN,"Star Trac 6 Series 6TR Treadmill w/16"" Embedded Display - Black - Commercial Grade, Full Manufacturer's Warranty",10899 USD,new,in stock
10138120585532,ST-6TR-110-LED,ST-6TR-110-LED,"Star Trac 6 Series 6TR Treadmill w/LED - Black - Commercial Grade, Full Manufacturer's Warranty",6199 USD,new,in stock
10129933762876,ST-6TR-110-24IN,9-9331-6TR-110-24IN-60,"Star Trac 6 Series 6TR Treadmill w/24"" Embedded Display - Black - Commercial Grade, Full Manufacturer's Warranty",11299 USD,new,in stock
10104579850556,ST-6TR-110-LCD,9-9331-6TR-110-LCD-60,"Star Trac 6 Series 6TR Treadmill w/LCD - Black - Commercial Grade, Full Manufacturer's Warranty",5799 USD,new,in stock
10012773548348,ST-8TRX-110-LED-MI-60,9-9311-8TRX-110-LED-MI-60,"Star Trac 8 Series TRX Treadmill w/LED - Commercial Grade, Full Manufacturer's Warranty",10099 USD,new,in stock
10012746219836,ST-8TRX-110-24IN-60,9-9311-8TRX-110-24IN-60,"Star Trac 8 Series TRX Treadmill w/24"" Touch Display - Commercial Grade, Full Manufacturer's Warranty",14849 USD,new,in stock
10012673343804,ST-10TRX-110-LED-MI-79,9-9301-10TRX-110-LED-MI-79,"Star Trac 10 Series Freerunner w/LED - Commercial Grade, Full Manufacturer's Warranty",13949 USD,new,in stock
10012639789372,ST-10TRX-110-24IN-79,9-9301-10TRX-110-24IN-79,"Star Trac 10 Series TRX Freerunner w/24"" Touch Display - Commercial Grade, Full Manufacturer's Warranty",18679 USD,new,in stock
