action,metaobject_id,current,correct,sku,product_id,condition_state,in_feed_collection,name,products,status
APPLY,gid://shopify/Metaobject/178905547068,,new,FF-2TSDB10-V3,10167557292348,New,no,"French Fitness 2 Tier Saddle Dumbbell Rack V3, 10 Pairs -- FF-2TSDB10-",1,UNLISTED
APPLY,gid://shopify/Metaobject/227410379068,,new,FF-MSS-U29,10281708388668,New,no,French Fitness Monster Universal Storage System Uprights (New)-- FF-MS,1,UNLISTED
APPLY,gid://shopify/Metaobject/227388850492,,new,FF-RR-BPR-43,10281676734780,New,no,French Fitness Rack & Rig Bumper Plate Tier/Tray Attachments (New)-- F,1,UNLISTED
APPLY,gid://shopify/Metaobject/227391701308,,new,FF-RR-BR-43,10281681289532,New,no,French Fitness Rack & Rig Ball Tier/Tray Attachments (New)-- FF-RR-BR,1,UNLISTED
APPLY,gid://shopify/Metaobject/227408576828,,new,FF-RR-DBR-43,10281684205884,New,no,French Fitness Rack & Rig Dumbbell Tier/Tray Attachments (New)-- FF-RR,1,UNLISTED
APPLY,gid://shopify/Metaobject/227327803708,,new,FF-RR-DPB-43,10283053416764,New,no,French Fitness Rack & Rig Double Pull Up Bars (New)-- FF-RR-DPB,1,UNLISTED
APPLY,gid://shopify/Metaobject/227290480956,,new,FF-RR-DSBA-43,10279796801852,New,no,French Fitness Rack & Rig Dirty South Bar Attachments (New) --FF-RR-DS,1,UNLISTED
APPLY,gid://shopify/Metaobject/227386261820,,new,FF-RR-JB-43-V2PU,10281668182332,New,no,French Fitness Rack & Rig Junction Bar Pull Up Bars (New)-- FF-RR-JB,1,UNLISTED
APPLY,gid://shopify/Metaobject/223758221628,,new,FF-RR-JBS-20-CM,10280400355644,New,no,French Fitness Rack & Rig Junction Bar Crossmembers (New) -- FF-RR-JBS,1,UNLISTED
APPLY,gid://shopify/Metaobject/227409559868,,new,FF-RR-KBR-43,10279802011964,New,no,French Fitness Rack & Rig Kettlebell Tier/Tray Attachments (New)-- FF-,1,UNLISTED
APPLY,gid://shopify/Metaobject/227328721212,,new,FF-RR-PB-43,10281644687676,New,no,French Fitness Rack & Rig Pull Up Bars (New)-- FF-RR-PB,1,UNLISTED
APPLY,gid://shopify/Metaobject/227152527676,,new,FF-RR-U-36,10281641443644,New,no,French Fitness Rack & Rig Uprights (New) --FF-RR-U,1,UNLISTED
APPLY,gid://shopify/Metaobject/291097870652,,new,FFO-IPFPL,10211775873340,New,no,French Fitness Onyx Incline Pec Fly Plate Loaded (New) -- FFO-IPFPL,1,UNLISTED
APPLY,gid://shopify/Metaobject/179575357756,,new,FFO-ODBWH,10170282475836,New,no,French Fitness Onyx Olympic Decline Bench w/Weight Horns (New) -- FFO-,1,UNLISTED
APPLY,gid://shopify/Metaobject/188985737532,149,new,SPORTSART-G260,10195454165308,New,yes,SportsArt G260 Status Eco-Powr Rower (New) -- SPORTSART-G260,1,ACTIVE
APPLY,gid://shopify/Metaobject/123622785340,New,new,ALXP,9878524297532,New,no,Versaclimber ALXP Versa Climber (New) -- ALXP,1,ARCHIVED
APPLY,gid://shopify/Metaobject/123622818108,New,new,ALXP-CC,9878527836476,New,no,Versaclimber ALXP Versa Climber (New) -- ALXP-CC,1,ARCHIVED
APPLY,gid://shopify/Metaobject/123623244092,New,new,AT-1000R,9878533734716,New,no,AirTEK Fitness HIIT Air + Magnetic Rower (New) -- AT-1000R,1,DRAFT
APPLY,gid://shopify/Metaobject/123623670076,New,new,BFMG30,9878610575676,New,no,Body Solid Best Fitness BFMG30 Multi-Station Home Gym (New) -- BFMG30,1,ARCHIVED
APPLY,gid://shopify/Metaobject/124786901308,New,new,BSLDR300,9879260365116,New,no,Body-Solid R300 Endurance Rower (New) -- BSLDR300,1,ACTIVE
APPLY,gid://shopify/Metaobject/124993372476,New,new,D-AU06,9878684303676,New,no,MSpa Aurora D-AU06 Inflatable Spa (New) -- D-AU06,1,ARCHIVED
APPLY,gid://shopify/Metaobject/124993405244,New,new,D-TE06,9878685483324,New,no,MSpa Tekapo D-TE06 Inflatable Spa (New) -- D-TE06,1,ARCHIVED
APPLY,gid://shopify/Metaobject/124993438012,New,new,DCT-B-042-CVR-F,9878686630204,New,no,"Dynamic Cold Therapy 4"" Barrel Insulated Cover - Black (New) -- DCT-B-",1,ACTIVE
APPLY,gid://shopify/Metaobject/124993470780,New,new,DCT-B-042-PLPC,9878688858428,New,no,Dynamic Cold Therapy DCT-B-042-PLPC PVC Barrel Spa - Plastic with Paci,1,ARCHIVED
APPLY,gid://shopify/Metaobject/214147662140,New,new,DCT-B-042-PLPC-34,10266405929276,New,no,Dynamic Cold Therapy DCT-B-042-PLPC-34 PVC Barrel Cold Plunge (New) --,1,ACTIVE
APPLY,gid://shopify/Metaobject/124993503548,New,new,DCT-B-042-SSPC,9878695215420,New,no,Dynamic Cold Therapy DCT-B-042-SSPC Barrel Spa - 304 Stainless Steel w,1,ARCHIVED
APPLY,gid://shopify/Metaobject/124993536316,New,new,DCT-B-042-USSPC,9878696821052,New,no,Dynamic Cold Therapy DCT-B-042-USSPC Barrel Spa - 316 Ultra Stainless ,1,ARCHIVED
APPLY,gid://shopify/Metaobject/214137078076,New,new,DCT-BO-50-PLPC-34,10266398916924,New,no,Dynamic Cold Therapy DCT-BO-50-PLPC-34 Oval Barrel Tub Cold Plunge (50,1,ACTIVE
APPLY,gid://shopify/Metaobject/124993569084,New,new,DCT-Filter-10x2.5,9878697836860,New,no,Dynamic Cold Therapy DCT 10x2.5 20 Micron Filters - 4 Pack (New) -- DC,1,ACTIVE
APPLY,gid://shopify/Metaobject/124993601852,New,new,DCT-Filter-5x2.5,9878698197308,New,no,Dynamic Cold Therapy DCT 5x2.5 20 Micron Filters - 4 Pack (New) -- DCT,1,ARCHIVED
APPLY,gid://shopify/Metaobject/124993634620,New,new,DCT-IO-052,9878698721596,New,no,Dynamic Cold Therapy DCT-IO-052 Inflatable Oval Spa (New) -- DCT-IO-05,1,ACTIVE
APPLY,gid://shopify/Metaobject/124993667388,New,new,DCT-IR-040,9878699180348,New,no,Dynamic Cold Therapy DCT-IR-040 Inflatable Round Spa (New) -- DCT-IR-0,1,ACTIVE
APPLY,gid://shopify/Metaobject/124993700156,New,new,DCT-NP-H-CVR,9878699737404,New,no,Dynamic Cold Therapy DCT-NP-H-CVR Neoprene Hose Cover - Sold as a Pair,1,ACTIVE
APPLY,gid://shopify/Metaobject/124993732924,New,new,DCT-QG-10-A-06,9878700163388,New,no,Dynamic Cold Therapy Standard Edition DCT-QG-10-A-06 0.6 HP Chiller Co,1,ARCHIVED
APPLY,gid://shopify/Metaobject/124993798460,New,new,DCT-QG-10-A-08,9878700884284,New,no,Dynamic Cold Therapy Standard Edition DCT-QG-10-A-08 0.8 HP Chiller Co,1,ARCHIVED
APPLY,gid://shopify/Metaobject/128620364092,New,new,DCT-QG-10-A-10,9878701343036,New,no,Dynamic Cold Therapy Standard Edition DCT-QG-10-A-10 1.0 HP Chiller Co,1,ARCHIVED
APPLY,gid://shopify/Metaobject/124993831228,New,new,DCT-S-050-CVR-F,9878701932860,New,no,"Dynamic Cold Therapy 4"" CUBOID Insulated Cover - Black (New) -- DCT-S-",1,ACTIVE
APPLY,gid://shopify/Metaobject/214163915068,New,new,DCT-S-050-NS-34,10266416120124,New,no,"Dynamic Cold Therapy DCT-S-050-NS-34 ""CUBOID"" 304 Nano-Coated Stainles",1,ACTIVE
APPLY,gid://shopify/Metaobject/214457254204,New,new,DCT-S-050-PL-34,10266716766524,New,no,"Dynamic Cold Therapy DCT-S-050-PL-34 ""CUBOID"" Plastic Cold Plunge Tub ",1,ACTIVE
APPLY,gid://shopify/Metaobject/124993863996,New,new,DCT-S-050-SS,9878702424380,New,no,Dynamic Cold Therapy DCT-S-050-SS CUBOID Spa - 304 Stainless Steel (Ne,1,ARCHIVED
APPLY,gid://shopify/Metaobject/124993896764,New,new,DCT-S-050-USS,9878703046972,New,no,Dynamic Cold Therapy DCT-S-050-USS CUBOID Spa - 316 Ultra Stainless St,1,ARCHIVED
APPLY,gid://shopify/Metaobject/214474981692,New,new,DCT-S-055-NS-34,10266723156284,New,no,"Dynamic Cold Therapy DCT-S-055-NS-34 ""CUBOID"" 304 Nano-Coated Stainles",1,ACTIVE
APPLY,gid://shopify/Metaobject/124993962300,New,new,DCT-S-055-SS,9878704750908,New,no,Dynamic Cold Therapy DCT-S-055-SS CUBOID Spa - 304 Stainless Steel XL ,1,ARCHIVED
APPLY,gid://shopify/Metaobject/124993995068,New,new,DCT-SV-08DO3,9878706946364,New,no,Dynamic Cold Therapy DCT-SV-08DO3 0.8 HP Premier Edition Cooling/Heati,1,ACTIVE
APPLY,gid://shopify/Metaobject/124994027836,New,new,DCT-SV-10DO3,9878708879676,New,no,Dynamic Cold Therapy DCT-SV-10DO3 1.0 HP Premier Edition Cooling/Heati,1,ACTIVE
APPLY,gid://shopify/Metaobject/124994060604,New,new,DCT-SY-06-HC,9878711238972,New,no,Dynamic Cold Therapy DCT-SY-06-HC 0.6 HP Chiller Basic Cooling/Heating,1,ARCHIVED
APPLY,gid://shopify/Metaobject/124994093372,New,new,DCT-SY-06-HC-TI,9878713631036,New,no,Dynamic Cold Therapy DCT-SY-06-HC-TI 0.6 HP Cooling/Heating System Tit,1,ARCHIVED
APPLY,gid://shopify/Metaobject/124994126140,New,new,DCT-SY-08-HC,9878714450236,New,no,Dynamic Cold Therapy DCT-SY-08-HC 0.8 HP Chiller Basic Cooling/Heating,1,ARCHIVED
APPLY,gid://shopify/Metaobject/124994158908,New,new,DCT-SY-08-HC-TI,9878715498812,New,no,Dynamic Cold Therapy DCT-SY-08-HC-TI 0.8 HP Cooling/Heating System Tit,1,ARCHIVED
APPLY,gid://shopify/Metaobject/124994224444,New,new,DCT-SY-10-HC,9878716612924,New,no,Dynamic Cold Therapy DCT-SY-10-HC 1.0 HP Chiller Basic Cooling/Heating,1,ARCHIVED
APPLY,gid://shopify/Metaobject/124994257212,New,new,DCT-SY-10-HC-TI,9878718153020,New,no,Dynamic Cold Therapy DCT-SY-10-HC-TI 1.0 HP Cooling/Heating System Tit,1,ARCHIVED
APPLY,gid://shopify/Metaobject/124994748732,New,new,DYN-5830-01,9878740042044,New,no,GoldenDesigns DYN-5830-01 Bilbao 3 Person Ultra Low EMF FAR Infrared S,1,ARCHIVED
APPLY,gid://shopify/Metaobject/124994781500,New,new,DYN-5860-01,9878741647676,New,no,GoldenDesigns DYN-5860-01 La Sagrada 6 Person Ultra Low EMF FAR Infrar,1,ARCHIVED
APPLY,gid://shopify/Metaobject/124994814268,New,new,DYN-6103-01,9878743744828,New,no,GoldenDesigns DYN-6103-01 Dynamic Avila 1-2-person Low EMF FAR Infrare,1,ACTIVE
APPLY,gid://shopify/Metaobject/124994847036,New,new,DYN-6103-01-Elite,9878746169660,New,no,GoldenDesigns DYN-6103-01 Elite Dynamic Avila Elite 1-2-person Ultra L,1,ACTIVE
APPLY,gid://shopify/Metaobject/124994879804,New,new,DYN-6106-01,9878747382076,New,no,GoldenDesigns DYN-6106-01 Barcelona Edition Dynamic Low EMF Far Infrar,1,ACTIVE
APPLY,gid://shopify/Metaobject/124994978108,New,new,DYN-6106-01-Elite,9878749872444,New,no,GoldenDesigns DYN-6106-01 Elite Dynamic Barcelona Elite 1-2 Person Ult,1,ACTIVE
APPLY,gid://shopify/Metaobject/124995010876,New,new,DYN-6119-01,9878752756028,New,no,GoldenDesigns DYN-6119-01 Gracia 1-2 Person Low EMF FAR Infrared Sauna,1,ACTIVE
APPLY,gid://shopify/Metaobject/213203419452,New,new,DYN-6119-01-Elite,10265493700924,New,no,"GoldenDesign DYN-6119-01 Elite Dynamic ""Gracia"" 1-2 Person Ultra Low E",1,ACTIVE
APPLY,gid://shopify/Metaobject/213183889724,New,new,DYN-6119-03-FS,10265473876284,New,no,GoldenDesign DYN-6119-03 FS Dynamic Gracia 1-2-Person Full Spectrum Ne,1,ACTIVE
APPLY,gid://shopify/Metaobject/124995043644,New,new,DYN-6202-03,9878755475772,New,no,GoldenDesigns DYN-6202-03 Versailles Edition Dynamic Low EMF Far Infra,1,ACTIVE
APPLY,gid://shopify/Metaobject/124995076412,New,new,DYN-6203-01,9878756753724,New,no,GoldenDesigns DYN-6203-01 Dynamic Cordoba 2-person Low EMF FAR Infrare,1,ACTIVE
APPLY,gid://shopify/Metaobject/124995109180,New,new,DYN-6203-01-Elite,9878757966140,New,no,GoldenDesigns DYN-6203-01 Elite Dynamic Cordoba Elite 2-person Ultra L,1,ACTIVE
APPLY,gid://shopify/Metaobject/124995141948,New,new,DYN-6203-02-FS,9878759571772,New,no,GoldenDesigns DYN-6203-02 FS Dynamic Cardoba 2-Person Full Spectrum Ne,1,ACTIVE
APPLY,gid://shopify/Metaobject/124995174716,New,new,DYN-6206-01,9878760948028,New,no,GoldenDesigns DYN-6206-01 Dynamic Low EMF Far Infrared Sauna San Marin,1,ACTIVE
APPLY,gid://shopify/Metaobject/124995207484,New,new,DYN-6206-01-Elite,9878762914108,New,no,GoldenDesigns DYN-6206-01 Elite Dynamic San Marino Elite 2-person Ultr,1,ACTIVE
APPLY,gid://shopify/Metaobject/124995240252,New,new,DYN-6208-01,9878764749116,New,no,GoldenDesigns DYN-6208-01 Toulouse Ultra Low EMF FAR Infrared Sauna (N,1,ARCHIVED
APPLY,gid://shopify/Metaobject/124995273020,New,new,DYN-6209-01,9878765568316,New,no,GoldenDesigns DYN-6209-01 Santiago 2 Person Low EMF FAR Infrared Sauna,1,ACTIVE
APPLY,gid://shopify/Metaobject/124995305788,New,new,DYN-6209-02-Elite,9878766387516,New,no,GoldenDesigns DYN-6209-02 Elite Dynamic Santiago Elite 2-person Ultra ,1,ACTIVE
APPLY,gid://shopify/Metaobject/124995338556,New,new,DYN-6209-03-FS,9878767075644,New,no,GoldenDesigns DYN-6209-03 FS Dynamic Santiago 2-Person Full Spectrum N,1,ACTIVE
APPLY,gid://shopify/Metaobject/124995371324,New,new,DYN-6210-01,9878767731004,New,no,GoldenDesigns DYN-6210-01 Venice I Edition Dynamic Sauna (New) -- DYN-,1,ACTIVE
APPLY,gid://shopify/Metaobject/124995436860,New,new,DYN-6210-01-Elite,9878768222524,New,no,GoldenDesigns DYN-6210-01 Elite Venice Elite 2 Person Ultra Low EMF FA,1,ACTIVE
APPLY,gid://shopify/Metaobject/124995469628,New,new,DYN-6210-02,9878768910652,New,no,GoldenDesigns DYN-6210-02 Venice II Edition Dynamic Sauna (New) -- DYN,1,ARCHIVED
APPLY,gid://shopify/Metaobject/124995502396,New,new,DYN-6215-02,9878769566012,New,no,GoldenDesigns DYN-6215-02 Llumeneres 2 Person Ultra Low EMF Far Infrar,1,ARCHIVED
APPLY,gid://shopify/Metaobject/124995535164,New,new,DYN-6215-02-Elite,9878770188604,New,no,GoldenDesigns DYN-6215-02 Elite Llumeneres 2 Person Ultra Low EMF Far ,1,ARCHIVED
APPLY,gid://shopify/Metaobject/124995600700,New,new,DYN-6220-01,9878771007804,New,no,"GoldenDesigns DYN-6220-01 Dynamic Low EMF Far Infrared Sauna, Vittoria",1,ACTIVE
APPLY,gid://shopify/Metaobject/213220163900,New,new,DYN-6220-01-Elite,10265561792828,New,no,"GoldenDesign DYN-6220-01 Elite Dynamic ""Vittoria"" 2 Person Ultra Low E",1,ACTIVE
APPLY,gid://shopify/Metaobject/124995633468,New,new,DYN-6225-02,9878771827004,New,no,"GoldenDesigns DYN-6225-02 Dynamic ""Heming"" Low EMF Far Infrared Sauna ",1,ACTIVE
APPLY,gid://shopify/Metaobject/124995666236,New,new,DYN-6225-02-Elite,9878772482364,New,no,GoldenDesigns DYN-6225-02 Elite Dynamic Heming Elite 2-person Corner U,1,ACTIVE
APPLY,gid://shopify/Metaobject/124995699004,New,new,DYN-6306-01,9878773399868,New,no,"GoldenDesigns DYN-6306-01 Dynamic ""Bellagio"" Low EMF Far Infrared Saun",1,ARCHIVED
APPLY,gid://shopify/Metaobject/124995731772,New,new,DYN-6306-02,9878774350140,New,no,GoldenDesigns DYN-6306-02 Dynamic Bellagio Low EMF Far Infrared Sauna ,1,ACTIVE
APPLY,gid://shopify/Metaobject/124995764540,New,new,DYN-6308-01,9878775038268,New,no,GoldenDesigns DYN-6308-01 Marseille Ultra Low EMF FAR Infrared Sauna (,1,ARCHIVED
APPLY,gid://shopify/Metaobject/124995797308,New,new,DYN-6310-01,9878775595324,New,no,GoldenDesigns DYN-6310-01 Madrid I Edition Dynamic Sauna (New) -- DYN-,1,ARCHIVED
APPLY,gid://shopify/Metaobject/124995830076,New,new,DYN-6315-01,9878776119612,New,no,GoldenDesigns DYN-6315-01 Florence Edition Dynamic Sauna (New) -- DYN-,1,ARCHIVED
APPLY,gid://shopify/Metaobject/124995862844,New,new,DYN-6315-02,9878776709436,New,no,GoldenDesigns DYN-6315-02 Vila 3 Person Ultra Low EMF Far Infrared Sau,1,ARCHIVED
APPLY,gid://shopify/Metaobject/124995895612,New,new,DYN-6315-02-Elite,9878777463100,New,no,GoldenDesigns DYN-6315-02 Elite Vila 3 Person Ultra Low EMF Far Infrar,1,ARCHIVED
APPLY,gid://shopify/Metaobject/168132247868,New,new,DYN-6315-05-Elite,10106705314108,New,no,"GoldenDesigns DYN-6315-05 Elite Dynamic ""Toscana"" 3 Person Ultra Low E",1,ACTIVE
APPLY,gid://shopify/Metaobject/124995928380,New,new,DYN-6326-01,9878778413372,New,no,GoldenDesigns DYN-6326-01 Valencia 3 Person Ultra Low EMF FAR Infrared,1,ARCHIVED
APPLY,gid://shopify/Metaobject/124996288828,New,new,DYN-6336-02,9878779035964,New,no,GoldenDesigns DYN-6336-02 Dynamic Lugano Low EMF Far Infrared Sauna (N,1,ACTIVE
APPLY,gid://shopify/Metaobject/124996354364,New,new,DYN-6336-02-Elite,9878779855164,New,no,GoldenDesigns DYN-6336-02 Elite Dynamic Lugano 3-person Ultra Low EMF ,1,ACTIVE
APPLY,gid://shopify/Metaobject/124996387132,New,new,DYN-6336-02-FS,9878780936508,New,no,GoldenDesigns DYN-6336-02 FS Dynamic Lugano 3-Person Full Spectrum Nea,1,ARCHIVED
APPLY,gid://shopify/Metaobject/124996419900,New,new,DYN-6336-03-FS,9878781526332,New,no,GoldenDesigns DYN-6336-03 FS Dynamic Lugano 3-Person Full Spectrum Nea,1,ACTIVE
APPLY,gid://shopify/Metaobject/124996452668,New,new,DYN-6444-04,9878782312764,New,no,GoldenDesigns DYN-6444-04 Modena Edition Dynamic Sauna (New) -- DYN-64,1,ARCHIVED
APPLY,gid://shopify/Metaobject/124996485436,New,new,DYN-6996-01,9878782771516,New,no,GoldenDesigns DYN-6996-01 Near Zero EMF Far Infrared Sauna (New) -- DY,1,ARCHIVED
APPLY,gid://shopify/Metaobject/124996550972,New,new,DYN-6996-01-Elite,9878783263036,New,no,GoldenDesigns DYN-6996-01 Elite Dynamic Monaco 6-person Ultra Low EMF ,1,ACTIVE
APPLY,gid://shopify/Metaobject/124996714812,New,new,DYN631501,9878786015548,New,no,"GoldenDesigns DYN-6315-01 Dynamic Low EMF Far Infrared Sauna, Florence",1,ARCHIVED
APPLY,gid://shopify/Metaobject/124996911420,New,new,E-BA049,9878788505916,New,no,MSpa Baikal E-BA049 Inflatable Spa (New) -- E-BA049,1,ARCHIVED
APPLY,gid://shopify/Metaobject/124997239100,New,new,E9cardio,9878795485500,New,no,Landice E9 Cardio ElliptiMill (New) -- E9cardio,1,ARCHIVED
APPLY,gid://shopify/Metaobject/124997271868,New,new,E9executive,9878799679804,New,no,Landice E9 Executive ElliptiMill (New) -- E9executive,1,ARCHIVED
APPLY,gid://shopify/Metaobject/124997337404,New,new,E9pro,9878808527164,New,no,Landice E9 Pro ElliptiMill (New) -- E9pro,1,ARCHIVED
APPLY,gid://shopify/Metaobject/124997370172,New,new,E9prosports,9878819701052,New,no,Landice E9 Pro Sports ElliptiMill (New) -- E9prosports,1,ARCHIVED
APPLY,gid://shopify/Metaobject/124999139644,New,new,EFX885P82-NEW,9878871736636,New,no,Precor EFX 885 Elliptical Crosstrainer w/ p82 Console (New) -- EFX885P,1,ARCHIVED
APPLY,gid://shopify/Metaobject/125005332796,New,new,FF-AR,9878929310012,New,yes,French Fitness FF-AR Air Rower (New) -- FF-AR,1,ACTIVE
APPLY,gid://shopify/Metaobject/162300756284,New,new,FF-COBP5B,10082993537340,New,no,French Fitness Olympic Colored Bumper Plate 5 lbs - Blank (New) -- FF-,1,ACTIVE
APPLY,gid://shopify/Metaobject/125022241084,New,new,FF-EBR9,9879109075260,New,yes,French Fitness 9 Ball Exercise / Stability Ball Rack EBR9 (New) -- FF-,1,ACTIVE
APPLY,gid://shopify/Metaobject/271106474300,New,new,FF-FWR20,10406929170748,New,no,French Fitness FWR20 Foldable Water Rower (New) -- FF-FWR20,1,UNLISTED
APPLY,gid://shopify/Metaobject/125031842108,New,new,FF-MBR12,9878484025660,New,yes,French Fitness 3 Tier Medicine & Slam Ball Rack (New) -- FF-MBR12,1,ACTIVE
APPLY,gid://shopify/Metaobject/125031907644,New,new,FF-MBR4-WM,9878484943164,New,no,French Fitness MBR4 Wall Mounted Medicine Ball Rack (New) -- FF-MBR4-W,1,ACTIVE
APPLY,gid://shopify/Metaobject/183263723836,New,new,FF-P-PWS-V3,10179572007228,New,no,French Fitness Push / Pull Weight Sled V3 (New) -- FF-P-PWS-V3,1,UNLISTED
APPLY,gid://shopify/Metaobject/125068509500,New,new,FF-SC500,9878879371580,New,no,French Fitness Stair Climber Stepper SC500 (New) -- FF-SC500,1,UNLISTED
APPLY,gid://shopify/Metaobject/125068607804,New,new,FF-SC600,9878880026940,New,yes,French Fitness Stair Climber Stepper SC600 (New) -- FF-SC600,1,ACTIVE
APPLY,gid://shopify/Metaobject/125069656380,New,new,FF-SKI,9878909911356,New,yes,French Fitness FF-SKI Ski Exercise Machine w/Air Resistance (New) -- F,1,ACTIVE
APPLY,gid://shopify/Metaobject/174828093756,New,new,FF-TC-BW,10135685497148,New,no,French Fitness Barbell Workout Training Charts / Posters (New) -- FF-T,1,ACTIVE
APPLY,gid://shopify/Metaobject/174597341500,New,new,FF-TC-CMW,10135693394236,New,no,French Fitness Cable Machine Workout Training Charts / Posters (New) -,1,ACTIVE
APPLY,gid://shopify/Metaobject/194019361084,New,new,FF-TC-DBW,10134379725116,New,no,French Fitness Dumbbell Workout Training Charts / Posters (New) -- FF-,1,ACTIVE
APPLY,gid://shopify/Metaobject/174828519740,New,new,FF-TC-KBW,10135689822524,New,no,French Fitness Kettlebell Workout Training Charts / Posters (New) -- F,1,ACTIVE
APPLY,gid://shopify/Metaobject/194018574652,New,new,FF-TC-MBW,10135676518716,New,no,French Fitness Medicine Ball Workout Training Charts / Posters (New) -,1,ACTIVE
APPLY,gid://shopify/Metaobject/194018345276,New,new,FF-TC-RBW,10135679107388,New,no,French Fitness Resistance Band Workout Training Charts / Posters (New),1,ACTIVE
APPLY,gid://shopify/Metaobject/174829699388,New,new,FF-TC-SBW,10135708565820,New,no,French Fitness Stability Ball Workout Training Charts / Posters (New) ,1,ACTIVE
APPLY,gid://shopify/Metaobject/125082435900,New,new,FF-VC200,9879034790204,New,yes,French Fitness VC200 Vertical Climbing Climber Machine (New) -- FF-VC2,1,ACTIVE
APPLY,gid://shopify/Metaobject/125085811004,New,new,FF-WR40,9879089611068,New,yes,French Fitness WR40 Water Rowing Machine Rower (New) -- FF-WR40,1,ACTIVE
APPLY,gid://shopify/Metaobject/125085843772,New,new,FF-WR80,9879091085628,New,yes,French Fitness WR80 Water Rowing Rower Machine w/Resistance (New) -- F,1,ACTIVE
APPLY,gid://shopify/Metaobject/125090431292,New,new,FFB-360XL,9879165141308,New,yes,French Fitness FFB Black 360XL Energy Group Training System (New) -- F,1,ACTIVE
APPLY,gid://shopify/Metaobject/125093052732,New,new,FFB-LSC,9879202365756,New,yes,French Fitness FFB Black Leverage Squat & Calf Machine (New) -- FFB-LS,1,ACTIVE
APPLY,gid://shopify/Metaobject/125094003004,New,new,FFB-PSLP,9879215046972,New,yes,French Fitness FFB Black Pendulum Squat Leg Press Machine (New) -- FFB,1,ACTIVE
APPLY,gid://shopify/Metaobject/125096067388,New,new,FFD-PLSTDP,9878470230332,New,yes,French Fitness Diablo Seated Tricep Dip / Press Plate Loaded (New) -- ,1,ACTIVE
APPLY,gid://shopify/Metaobject/291328688444,New,new,FFM-KGK,10477658145084,New,no,French Fitness Marin Kneeling Glute Kickback Plate Loaded (New) -- FFM,1,DRAFT
APPLY,gid://shopify/Metaobject/266189963580,New,new,FFM-PLGD-V2,10396041969980,New,no,French Fitness Marin Glute Drive Hip Thrust Machine Plate Loaded V2 (N,1,UNLISTED
APPLY,gid://shopify/Metaobject/125098852668,New,new,FFM-PLSTP,9878489661756,New,yes,French Fitness Marin Seated Dip / Tricep Press Plate Loaded (New) -- F,1,ACTIVE
APPLY,gid://shopify/Metaobject/290285093180,New,new,FFM-R5,10469391106364,New,no,French Fitness R5 Commercial Rower (New) -- FFM-R5,1,DRAFT
APPLY,gid://shopify/Metaobject/125099540796,New,new,FFM-RKG,9878523117884,New,yes,French Fitness Marin Rear Kick Back Glute (New) -- FFM-RKG,1,ACTIVE
APPLY,gid://shopify/Metaobject/290309734716,New,new,FFM-SKIROW,10470683312444,New,no,French Fitness Ski & Row Multi-Trainer (New) -- FFM-SKIROW,1,DRAFT
APPLY,gid://shopify/Metaobject/125101146428,New,new,FFN-PLSHC,9878546940220,New,yes,French Fitness Napa Super Horizontal Calf Plate Loaded (New) -- FFN-PL,1,ACTIVE
APPLY,gid://shopify/Metaobject/125101310268,New,new,FFN-PLSTP,9878549627196,New,yes,French Fitness Napa Seated Dip / Tricep Press Plate Loaded (New) -- FF,1,ACTIVE
APPLY,gid://shopify/Metaobject/125102096700,New,new,FFN-RKG,9878552576316,New,yes,French Fitness Napa Rear Kick Back Glute (New) -- FFN-RKG,1,ACTIVE
APPLY,gid://shopify/Metaobject/186833764668,New,new,FFO-PSLP,10186842636604,New,no,French Fitness Onyx Pendulum Squat Leg Press Machine (New) -- FFO-PSLP,1,UNLISTED
APPLY,gid://shopify/Metaobject/125103669564,New,new,FFS-360T,9878570271036,New,yes,French Fitness FFS Silver 360T Energy Group Training System (New) -- F,1,ACTIVE
APPLY,gid://shopify/Metaobject/125103898940,New,new,FFS-360XL,9878572237116,New,yes,French Fitness FFS Silver 360XL Energy Group Training System (New) -- ,1,ACTIVE
APPLY,gid://shopify/Metaobject/125104062780,New,new,FFS-360XS,9878574399804,New,yes,French Fitness FFS Silver 360XS Energy Group Training System (New) -- ,1,ACTIVE
APPLY,gid://shopify/Metaobject/125102162236,New,new,FFS-SHC,9878553624892,New,yes,French Fitness Shasta Selectorized Horizontal Calf (New) -- FFS-SHC,1,ACTIVE
APPLY,gid://shopify/Metaobject/125106651452,New,new,FFS-SSC,9878624862524,New,yes,French Fitness Shasta Selectorized Standing Calf Raise (New) -- FFS-SS,1,ACTIVE
APPLY,gid://shopify/Metaobject/125108126012,New,new,FFT-PLSTDP-V2,9878645145916,New,yes,French Fitness Tahoe V2 Seated Tricep Dip / Press Plate Loaded (New) -,1,ACTIVE
APPLY,gid://shopify/Metaobject/125099606332,New,new,FFT-SHC,9878524231996,New,yes,French Fitness Tahoe Selectorized Horizontal Calf (New) -- FFT-SHC,1,ACTIVE
APPLY,gid://shopify/Metaobject/125108388156,New,new,FFT-SSC,9878648947004,New,yes,French Fitness Tahoe Selectorized Standing Calf Raise (New) -- FFT-SSC,1,ACTIVE
APPLY,gid://shopify/Metaobject/125111730492,New,new,GDI-6106-01-Elite,9878714908988,New,no,Golden Designs GDI-6106-01 Elite Barcelona Select Elite 1-2 Person Nea,1,ARCHIVED
APPLY,gid://shopify/Metaobject/125111796028,New,new,GDI-6109-01-Elite,9878716842300,New,no,Golden Designs GDI-6109-01 Elite Studio Elite 1-2 Person Near Zero Far,1,ARCHIVED
APPLY,gid://shopify/Metaobject/125111828796,New,new,GDI-6154-01,9878718218556,New,no,GoldenDesigns GDI-6154-01 Near Zero EMF Far IR Sauna (New) -- GDI-6154,1,ARCHIVED
APPLY,gid://shopify/Metaobject/125112058172,New,new,GDI-6254-01,9878727262524,New,no,GoldenDesigns GDI-6254-01 Near Zero EMF Far IR Sauna (New) -- GDI-6254,1,ARCHIVED
APPLY,gid://shopify/Metaobject/125112090940,New,new,GDI-6264-01,9878729490748,New,no,GoldenDesigns GDI-6264-01 Near Zero EMF Far IR Sauna (New) -- GDI-6264,1,ARCHIVED
APPLY,gid://shopify/Metaobject/125112123708,New,new,GDI-6273-01,9878731096380,New,no,GoldenDesigns GDI-6273-01 Near Zero EMF Far IR Sauna (New) -- GDI-6273,1,ARCHIVED
APPLY,gid://shopify/Metaobject/125112189244,New,new,GDI-6354-01,9878732079420,New,no,GoldenDesigns GDI-6354-01 Near Zero EMF Far IR Sauna (New) -- GDI-6354,1,ARCHIVED
APPLY,gid://shopify/Metaobject/125112222012,New,new,GDI-6365-01,9878732702012,New,no,GoldenDesigns GDI-6365-01 Near Zero EMF Far IR Sauna (New) -- GDI-6365,1,ARCHIVED
APPLY,gid://shopify/Metaobject/125112353084,New,new,GDI-6880-01,9878734635324,New,no,GoldenDesigns GDI-6880-01 Near Zero EMF Far IR Sauna (New) -- GDI-6880,1,ARCHIVED
APPLY,gid://shopify/Metaobject/125112451388,New,new,GDI-6880-01-Elite,9878735388988,New,no,GoldenDesigns GDI-6880-01 Elite Catalonia 8 Person Ultra Low EMF FAR I,1,ARCHIVED
APPLY,gid://shopify/Metaobject/125112549692,New,new,GDI-6880-02-Elite,9878736077116,New,no,GoldenDesigns GDI-6880-02 Elite Catalonia 8 Person Ultra Low EMF FAR I,1,ACTIVE
APPLY,gid://shopify/Metaobject/213349204284,New,new,GDI-6880-03-FS,10266042466620,New,no,GoldenDesign GDI-6880-03 FS Catalonia 8 Person Full Spectrum Near Zero,1,ACTIVE
APPLY,gid://shopify/Metaobject/125112615228,New,new,GDI-6996-01,9878736634172,New,no,GoldenDesigns GDI-6996-01 Near Zero EMF Far IR Sauna (New) -- GDI-6996,1,ARCHIVED
APPLY,gid://shopify/Metaobject/125112713532,New,new,GDI-6996-01-Elite,9878738895164,New,no,GoldenDesigns GDI-6996-01 Monaco Elite 6 Person Near Zero EMF Far Infr,1,ACTIVE
APPLY,gid://shopify/Metaobject/125112746300,New,new,GDI-6996-02,9878741156156,New,no,GoldenDesigns GDI-6996-02 Near Zero EMF Far Infrared Sauna (New) -- GD,1,ACTIVE
APPLY,gid://shopify/Metaobject/125112844604,New,new,GDI-7030-01,9878743515452,New,no,Golden Designs GDI-7030-01 Andermatt Edition 3 Person Traditional Stea,1,ACTIVE
APPLY,gid://shopify/Metaobject/125112975676,New,new,GDI-7060-01,9878747316540,New,no,Golden Designs GDI-7060-01 Engelberg Edition 6 Person Traditional Stea,1,ACTIVE
APPLY,gid://shopify/Metaobject/125113073980,New,new,GDI-7202-01,9878749348156,New,no,"Golden Designs GDI-7202-01 ""Hanko Edition"" 2-3 Person Indoor Tradition",1,ACTIVE
APPLY,gid://shopify/Metaobject/125113139516,New,new,GDI-7203-01,9878752428348,New,no,"Golden Designs GDI-7203-01 ""Forssa Edition"" 3-4 Person Indoor Traditio",1,ACTIVE
APPLY,gid://shopify/Metaobject/125113205052,New,new,GDI-7206-01,9878754623804,New,no,"Golden Designs GDI-7206-01 ""Kuusamo Edition"" 6 Person Indoor Tradition",1,ACTIVE
APPLY,gid://shopify/Metaobject/125113237820,New,new,GDI-7289-01,9878756655420,New,no,"Golden Designs GDI-7289-01 ""Sundsvall Edition"" Traditional Steam Sauna",1,ARCHIVED
APPLY,gid://shopify/Metaobject/125113303356,New,new,GDI-7289-01L,9878757605692,New,no,GoldenDesigns GDI-7289-01L Vasteras Luxury Ed. Red Cedar Sauna (New) -,1,ARCHIVED
APPLY,gid://shopify/Metaobject/125113336124,New,new,GDI-7289-02,9878758457660,New,no,Golden Designs GDI-7289-02 Sundsvall Traditional Steam Sauna - Canadia,1,ACTIVE
APPLY,gid://shopify/Metaobject/125113368892,New,new,GDI-7389-01,9878760784188,New,no,"Golden Designs GDI-7389-01 Canadian Red Cedar ""Copenhagen Edition"" 3 P",1,ARCHIVED
APPLY,gid://shopify/Metaobject/125113401660,New,new,GDI-7389-02,9878762258748,New,no,Golden Designs GDI-7389-02 Copenhagen Edition 3 Person Traditional Ste,1,ACTIVE
APPLY,gid://shopify/Metaobject/125113434428,New,new,GDI-7689-01,9878763929916,New,no,GoldenDesigns GDI-7689-01 Osla Edition Red Cedar Sauna (New) -- GDI-76,1,ACTIVE
APPLY,gid://shopify/Metaobject/125113467196,New,new,GDI-7689-01L,9878765535548,New,no,GoldenDesigns GDI-7689-01L Bergen Luxury Ed. Red Cedar Sauna (New) -- ,1,ARCHIVED
APPLY,gid://shopify/Metaobject/125113499964,New,new,GDI-7689-02,9878766027068,New,no,GoldenDesigns GDI-7689-02 Osla Edition 6 Person Traditional Sauna - Ca,1,ACTIVE
APPLY,gid://shopify/Metaobject/125113565500,New,new,GDI-8010-01,9878766846268,New,no,GoldenDesigns GDI-8010-01 Near Zero EMF Far IR Sauna (New) -- GDI-8010,1,ARCHIVED
APPLY,gid://shopify/Metaobject/125113598268,New,new,GDI-8010-02,9878767305020,New,no,Golden Designs GDI-8010-02 1-2-Person Full Spectrum PureTech Near Zero,1,ARCHIVED
APPLY,gid://shopify/Metaobject/125113631036,New,new,GDI-8010-03,9878767829308,New,no,Golden Designs GDI-8010-03 Full Spectrum PureTech Near Zero EMF FAR In,1,ACTIVE
APPLY,gid://shopify/Metaobject/125113696572,New,new,GDI-8020-01,9878768681276,New,no,GoldenDesigns GDI-8020-01 Near Zero EMF Far IR Sauna (New) -- GDI-8020,1,ARCHIVED
APPLY,gid://shopify/Metaobject/125113762108,New,new,GDI-8020-02,9878769140028,New,no,GoldenDesigns GDI-8020-02 2-Person Full Spectrum PureTech Near Zero EM,1,ARCHIVED
APPLY,gid://shopify/Metaobject/125113794876,New,new,GDI-8020-03,9878769860924,New,no,GoldenDesigns GDI-8020-03 2-Person Full Spectrum PureTech Near Zero EM,1,ACTIVE
APPLY,gid://shopify/Metaobject/125113860412,New,new,GDI-8020-H2,9878770712892,New,no,GoldenDesigns GDI-8020-H2 Near Zero EMF with Himalayan Salt Bar (New) ,1,ARCHIVED
APPLY,gid://shopify/Metaobject/260602298684,New,new,GDI-8023-01,10384888135996,New,no,Golden Designs GDI-8023-01 Carinthia 3 Person Hybrid Flat Roof Outdoor,1,ACTIVE
APPLY,gid://shopify/Metaobject/125113925948,New,new,GDI-8030-01,9878771204412,New,no,GoldenDesigns GDI-8030-01 Near Zero EMF Far IR Sauna (New) -- GDI-8030,1,ARCHIVED
APPLY,gid://shopify/Metaobject/125113991484,New,new,GDI-8030-02,9878771728700,New,no,GoldenDesigns GDI-8030-02 3-Person Full Spectrum PureTech Near Zero EM,1,ARCHIVED
APPLY,gid://shopify/Metaobject/125114057020,New,new,GDI-8030-03,9878772384060,New,no,GoldenDesigns GDI-8030-03 3-Person Full Spectrum PureTech Near Zero EM,1,ACTIVE
APPLY,gid://shopify/Metaobject/125114089788,New,new,GDI-8030-H3,9878773432636,New,no,GoldenDesigns GDI-8030-H3 Near Zero EMF with Himalayan Salt Bar (New) ,1,ARCHIVED
APPLY,gid://shopify/Metaobject/125114188092,New,new,GDI-8035-01,9878774284604,New,no,GoldenDesigns GDI-8035-01 Near Zero EMF Far IR Sauna (New) -- GDI-8035,1,ARCHIVED
APPLY,gid://shopify/Metaobject/125114220860,New,new,GDI-8035-02,9878774710588,New,no,Golden Designs GDI-8035-02 3-Person Corner Full Spectrum PureTech Near,1,ARCHIVED
APPLY,gid://shopify/Metaobject/125114253628,New,new,GDI-8035-03,9878775202108,New,no,Golden Designs GDI-8035-03 3-Person Corner Full Spectrum PureTech Near,1,ACTIVE
APPLY,gid://shopify/Metaobject/125114319164,New,new,GDI-8040-01,9878775988540,New,no,GoldenDesigns GDI-8040-01 Near Zero EMF Far IR Sauna (New) -- GDI-8040,1,ARCHIVED
APPLY,gid://shopify/Metaobject/125114384700,New,new,GDI-8040-02,9878776512828,New,no,GoldenDesigns Reserve Edition GDI-8040-02 Full Spectrum with Himalayan,1,ARCHIVED
APPLY,gid://shopify/Metaobject/125114417468,New,new,GDI-8040-03,9878777266492,New,no,GoldenDesigns Reserve Edition GDI-8040-03 Full Spectrum with Himalayan,1,ACTIVE
APPLY,gid://shopify/Metaobject/125114450236,New,new,GDI-8065-01,9878778315068,New,no,GoldenDesigns GDI-8065-01 Near Zero EMF Far IR Sauna (New) -- GDI-8065,1,ARCHIVED
APPLY,gid://shopify/Metaobject/125114515772,New,new,GDI-8103-01,9878778773820,New,no,Golden Designs GDI-8103-01 Arlberg 3 Person Traditional Outdoor Sauna ,1,ACTIVE
APPLY,gid://shopify/Metaobject/125114548540,New,new,GDI-8105-01,9878779887932,New,no,Golden Designs GDI-8105-01 Vorarlberg 5 Person Traditional Outdoor Sau,1,ACTIVE
APPLY,gid://shopify/Metaobject/125114581308,New,new,GDI-8123-01,9878781002044,New,no,Golden Designs GDI-8123-01 Carinthia 3 Person Hybrid (PureTech Full Sp,1,ACTIVE
APPLY,gid://shopify/Metaobject/125114614076,New,new,GDI-8125-01,9878781952316,New,no,GoldenDesigns GDI-8125-01 Gargellen 5 Person Hybrid (PureTech Full Spe,1,ACTIVE
APPLY,gid://shopify/Metaobject/125114679612,New,new,GDI-8202-01,9878782837052,New,no,Golden Designs Narvik 2 Person Outdoor-Indoor Traditional Sauna (GDI-8,1,ACTIVE
APPLY,gid://shopify/Metaobject/125114745148,New,new,GDI-8203-01,9878783918396,New,no,Golden Designs GDI-8203-01 Drammen 3 Person Outdoor-Indoor Traditional,1,ACTIVE
APPLY,gid://shopify/Metaobject/125114810684,New,new,GDI-8206-01,9878785622332,New,no,Golden Designs GDI-8206-01 Bergen 6 Person Outdoor-Indoor Traditional ,1,ACTIVE
APPLY,gid://shopify/Metaobject/125114843452,New,new,GDI-8222-01,9878786408764,New,no,Golden Designs GDI-8222-01 Nora 2 Person Outdoor-Indoor PureTech Hybri,1,ACTIVE
APPLY,gid://shopify/Metaobject/125114908988,New,new,GDI-8223-01,9878787162428,New,no,Golden Designs GDI-8223-01 Visby 3 Person Outdoor-Indoor PureTech Hybr,1,ACTIVE
APPLY,gid://shopify/Metaobject/125114974524,New,new,GDI-8226-01,9878787916092,New,no,Golden Designs GDI-8226-01 Karlstad 6 Person Outdoor-Indoor PureTech H,1,ACTIVE
APPLY,gid://shopify/Metaobject/125115138364,New,new,GDI-8230-01,9878788538684,New,no,GoldenDesigns Reserve Edition GDI-8230-01 Full Spectrum with Himalayan,1,ACTIVE
APPLY,gid://shopify/Metaobject/125115171132,New,new,GDI-8260-01,9878789194044,New,no,GoldenDesigns Reserve Edition GDI-8260-01 Full Spectrum with Himalayan,1,ACTIVE
APPLY,gid://shopify/Metaobject/125115269436,New,new,GDI-8330-01,9878789751100,New,no,Golden Designs GDI-8330-01 Soria Near Zero EMF Full Spectrum and Harvi,1,ACTIVE
APPLY,gid://shopify/Metaobject/125115334972,New,new,GDI-8360-01,9878790471996,New,no,Golden Designs GDI-8360-01 Toledo Near Zero EMF Full Spectrum and Harv,1,ACTIVE
APPLY,gid://shopify/Metaobject/125115531580,New,new,GDI-8503-01,9878791192892,New,no,Golden Designs GDI-8503-01 Savonlinna 3 Person Outdoor Traditional Sau,1,ACTIVE
APPLY,gid://shopify/Metaobject/125115564348,New,new,GDI-8506-01,9878792012092,New,no,Golden Designs GDI-8506-01 Kaarina 6 Person Outdoor Traditional Sauna ,1,ACTIVE
APPLY,gid://shopify/Metaobject/125115597116,New,new,GDI-8523-01,9878792667452,New,no,Golden Designs GDI-8523-01 Loviisa 3 Person Hybrid (PureTech Full Spec,1,ACTIVE
APPLY,gid://shopify/Metaobject/125115629884,New,new,GDI-8526-01,9878793519420,New,no,Golden Designs GDI-8526-01 Kaskinen 6 Person Hybrid (PureTech Full Spe,1,ACTIVE
APPLY,gid://shopify/Metaobject/125115695420,New,new,GDI-8535-01,9878794305852,New,no,GoldenDesigns GDI-8535-01 Near Zero EMF Far IR Sauna (New) -- GDI-8535,1,ARCHIVED
APPLY,gid://shopify/Metaobject/125115728188,New,new,GDI-B002-01,9878794928444,New,no,Golden Designs GDI-B002-01 St. Moritz 2 Person Barrel Traditional Saun,1,ACTIVE
APPLY,gid://shopify/Metaobject/125115760956,New,new,GDI-B004-01,9878795813180,New,no,Golden Designs GDI-B004-01 Arosa 4 Person Barrel Traditional Sauna - P,1,ACTIVE
APPLY,gid://shopify/Metaobject/125115793724,New,new,GDI-B006-01,9878796796220,New,no,Golden Designs GDI-B006-01 Klosters 6 Person Barrel Traditional Sauna ,1,ACTIVE
APPLY,gid://shopify/Metaobject/125115826492,New,new,GDI-B024-01,9878797680956,New,no,Golden Designs GDI-B024-01 Zurich 4 Person Barrel with Bronze Privacy ,1,ACTIVE
APPLY,gid://shopify/Metaobject/235977474364,New,new,H-BT,10339718627644,New,no,VersaClimber H Home Vertical Climber (New) -- VCH,1,ACTIVE
APPLY,gid://shopify/Metaobject/125116547388,New,new,H2O-RX-950,9878823239996,New,no,ProRower Rowing Machine H2O Club Series RX-950 (New) -- H2O-RX-950,1,ARCHIVED
APPLY,gid://shopify/Metaobject/125123002684,New,new,LF-SYNRGY90CC,9878960800060,New,yes,Life Fitness SYNRGY90 CC (New) -- LF-SYNRGY90CC,1,ACTIVE
APPLY,gid://shopify/Metaobject/127713182012,New,new,MX-J206-01,9879200268604,New,no,GoldenDesigns MX-J206-01 Hemlock LEMF Maxxus Far IR Sauna (New) -- MX-,1,ACTIVE
APPLY,gid://shopify/Metaobject/127713280316,New,new,MX-J206-01-ZF,9879201186108,New,no,GoldenDesigns MX-J206-01-ZF Maxxus Seattle 2 Person Near Zero EMF FAR ,1,ACTIVE
APPLY,gid://shopify/Metaobject/127713542460,New,new,MX-J206-02S,9879202267452,New,no,GoldenDesigns MX-J206-02S Maxxus 2-Person Low EMF FAR Infrared Sauna (,1,ACTIVE
APPLY,gid://shopify/Metaobject/127713607996,New,new,MX-J306-01,9879203152188,New,no,"GoldenDesigns MX-J306-01 Canadian Hemlock Maxxus ""Bellevue"" 3 Person L",1,ACTIVE
APPLY,gid://shopify/Metaobject/127713706300,New,new,MX-J306-01-ZF,9879204036924,New,no,GoldenDesigns MX-J306-01-ZF Maxxus Bellevue 3 Person Near Zero EMF FAR,1,ACTIVE
APPLY,gid://shopify/Metaobject/127713771836,New,new,MX-K206-01,9879204856124,New,no,GoldenDesigns MX-K206-01 Hemlock LEMF Maxxus Far IR Sauna (New) -- MX-,1,ACTIVE
APPLY,gid://shopify/Metaobject/127713870140,New,new,MX-K206-01-ZF,9879205904700,New,no,GoldenDesigns MX-K206-01-ZF Hemlock Maxxus 2 Person Near Zero EMF FAR ,1,ACTIVE
APPLY,gid://shopify/Metaobject/127714066748,New,new,MX-K206-01-ZF-CED,9879207248188,New,no,"GoldenDesigns MX-K206-01-ZF CED Canadian Red Cedar Maxxus ""Cholet Edit",1,ARCHIVED
APPLY,gid://shopify/Metaobject/127714132284,New,new,MX-K206-01C,9879207772476,New,no,GoldenDesigns MX-K206-01 Red Cedar LEMF Maxxus Far IR Sauna (New) -- M,1,ARCHIVED
APPLY,gid://shopify/Metaobject/127714197820,New,new,MX-K306-01,9879208558908,New,no,GoldenDesigns MX-K306-01 Hemlock LEMF Maxxus Far IR Sauna (New) -- MX-,1,ACTIVE
APPLY,gid://shopify/Metaobject/127714492732,New,new,MX-K306-01-ZF,9879209574716,New,no,GoldenDesigns MX-K306-01-ZF Hemlock Maxxus 3 Person Near Zero EMF FAR ,1,ACTIVE
APPLY,gid://shopify/Metaobject/127714558268,New,new,MX-K306-01-ZF-CED,9879210295612,New,no,GoldenDesigns MX-K306-01-ZF CED Canadian Red Cedar Maxxus 3 Person Nea,1,ACTIVE
APPLY,gid://shopify/Metaobject/127714689340,New,new,MX-K306-01C,9879211376956,New,no,GoldenDesigns MX-K306-01 Red Cedar LEMF Maxxus Far IR Sauna (New) -- M,1,ACTIVE
APPLY,gid://shopify/Metaobject/127714722108,New,new,MX-K356-01,9879212196156,New,no,GoldenDesigns MX-K356-01 Hemlock LEMF Maxxus Far IR Sauna (New) -- MX-,1,ACTIVE
APPLY,gid://shopify/Metaobject/127714820412,New,new,MX-K356-01-ZF,9879213113660,New,no,GoldenDesigns MX-K356-01-ZF Hemlock Maxxus 3 Person Corner Near Zero E,1,ACTIVE
APPLY,gid://shopify/Metaobject/127714918716,New,new,MX-K356-01-ZF-CED,9879213998396,New,no,GoldenDesigns MX-K356-01-ZF CED Canadian Red Cedar Maxxus 3 Person Cor,1,ACTIVE
APPLY,gid://shopify/Metaobject/127715017020,New,new,MX-K356-01C,9879215079740,New,no,GoldenDesigns MX-K356-01 Red Cedar LEMF Maxxus Far IR Sauna (New) -- M,1,ACTIVE
APPLY,gid://shopify/Metaobject/127715148092,New,new,MX-K406-01,9879215964476,New,no,GoldenDesigns MX-K406-01 Hemlock LEMF Maxxus Far IR Sauna (New) -- MX-,1,ACTIVE
APPLY,gid://shopify/Metaobject/127715246396,New,new,MX-K406-01-ZF,9879216783676,New,no,GoldenDesigns MX-K406-01-ZF Hemlock Maxxus 4 Person Near Zero EMF FAR ,1,ACTIVE
APPLY,gid://shopify/Metaobject/127715311932,New,new,MX-K406-01-ZF-CED,9879217668412,New,no,GoldenDesigns MX-K406-01-ZF CED Maxxus 4 Person Near Zero EMF FAR Infr,1,ACTIVE
APPLY,gid://shopify/Metaobject/127715377468,New,new,MX-K406-01C,9879218585916,New,no,GoldenDesigns MX-K406-01 Red Cedar LEMF Maxxus Far IR Sauna (New) -- M,1,ACTIVE
APPLY,gid://shopify/Metaobject/214124429628,New,new,MX-LS2-01,10266387022140,New,no,"GoldenDesign MX-LS2-01 Maxxus ""Serenity"" Dual Tech 2 Person Low EMF FA",1,ACTIVE
APPLY,gid://shopify/Metaobject/127715508540,New,new,MX-M206-01-FS-CED,9879220126012,New,no,GoldenDesigns MX-M206-01-FS CED Canadian Red Cedar Maxxus 2 Person Ful,1,ACTIVE
APPLY,gid://shopify/Metaobject/127715606844,New,new,MX-M306-01-FS-CED,9879220945212,New,no,GoldenDesigns MX-M306-01-FS CED Canadian Red Cedar Maxxus 3 Person Ful,1,ACTIVE
APPLY,gid://shopify/Metaobject/127715705148,New,new,MX-M356-01-FS-CED,9879221764412,New,no,GoldenDesigns MX-M356-01-FS CED Maxxus 3-Person Corner Full Spectrum N,1,ACTIVE
APPLY,gid://shopify/Metaobject/127715770684,New,new,MX-S106-01,9879222550844,New,no,GoldenDesigns S-Line MX-S106-01 Maxxus Low EMF FAR Infrared Sauna Cana,1,ACTIVE
APPLY,gid://shopify/Metaobject/127715868988,New,new,MX-S106-01-ULEMF-Elite,9879223206204,New,no,GoldenDesigns S-Line MX-S106-01-ULEMF-Elite Maxxus Ultra Low EMF FAR I,1,ACTIVE
APPLY,gid://shopify/Metaobject/127715934524,New,new,MX-S206-01,9879223894332,New,no,GoldenDesigns S-Line MX-S206-01 Maxxus Low EMF FAR Infrared Sauna Cana,1,ACTIVE
APPLY,gid://shopify/Metaobject/127716229436,New,new,MX-S206-01-FS-PC,9879224516924,New,no,GoldenDesigns S-Line MX-S206-01-FS-PC Maxxus Full Spectrum Infrared Sa,1,ACTIVE
APPLY,gid://shopify/Metaobject/127716294972,New,new,MX-S206-01-ULEMF-Elite,9879225205052,New,no,GoldenDesigns S-Line MX-S206-01-ULEMF-Elite Maxxus Ultra Low EMF FAR I,1,ACTIVE
APPLY,gid://shopify/Metaobject/127716360508,New,new,MX-S306-01,9879226417468,New,no,GoldenDesigns S-Line MX-S306-01 Maxxus Low EMF FAR Infrared Sauna Cana,1,ACTIVE
APPLY,gid://shopify/Metaobject/127716458812,New,new,MX-S306-01-FS-PC,9879227728188,New,no,GoldenDesigns S-Line MX-S306-01-FS-PC Maxxus Full Spectrum Infrared Sa,1,ACTIVE
APPLY,gid://shopify/Metaobject/127716557116,New,new,MX-S306-01-ULEMF-Elite,9879229038908,New,no,GoldenDesigns S-Line MX-S306-01-ULEMF-Elite Maxxus Ultra Low EMF FAR I,1,ACTIVE
APPLY,gid://shopify/Metaobject/127703777596,New,new,MarpoFTT,9879116579132,New,no,Marpo Kinetics Functional Tire Trainer (New) -- MarpoFTT,1,ACTIVE
APPLY,gid://shopify/Metaobject/127703908668,New,new,MarpoV250C,9879119069500,New,no,Marpo Kinetics V250 Viper Rope Trainer (New) -- MarpoV250C,1,ARCHIVED
APPLY,gid://shopify/Metaobject/127725732156,New,new,NAU-9NAS130960AGS,9879261446460,New,yes,Nautilus Impact Standing Calf 9NA-S1309-60AGS (New) -- NAU-9NAS130960A,1,ACTIVE
APPLY,gid://shopify/Metaobject/200336081212,New,new,NAU-9NP-L1110-60BZS,10238357995836,New,yes,Nautilus Plate Loaded 9NP-L1110 Tilt Seat Calf (New) -- NAU-9NP-L1110-,1,ACTIVE
APPLY,gid://shopify/Metaobject/199436239164,New,new,NAU-9NP-L1112-60BZS,10233309561148,New,yes,Nautilus Plate Loaded 9NP-L1112 Standing Calf (New) -- NAU-9NP-L1112-6,1,ACTIVE
APPLY,gid://shopify/Metaobject/222044455228,New,new,NAU-9NP3-L2002-60BZS,10279112835388,New,yes,Nautilus Leverage Chest Press 9NP3-L2002-60BZS (New) -- NAU-9NP3-L2002,1,ACTIVE
APPLY,gid://shopify/Metaobject/127698174268,New,new,NT-CT-2950,9878520496444,New,no,Nordictrack Commercial 2950 Treadmill (New) -- NT-CT-2950,1,ARCHIVED
APPLY,gid://shopify/Metaobject/127700173116,New,new,OCTANE-PRO3700,9878524494140,New,no,Octane Pro 3700 Elliptical (New) -- OCTANE-PRO3700,1,ARCHIVED
APPLY,gid://shopify/Metaobject/127701975356,New,new,P-MB049,9878534816060,New,no,MSpa Mont Blanc P-MB049 Inflatable Spa (New) -- P-MB049,1,ARCHIVED
APPLY,gid://shopify/Metaobject/127710527804,New,new,PP-Personal,9878570991932,New,yes,Power Plate Personal (New) -- PP-Personal,1,ACTIVE
APPLY,gid://shopify/Metaobject/127712657724,New,new,PPMOVE-BLACK,9878581674300,New,yes,Power Plate Move - Matte Black (New) -- PPMOVE-BLACK,1,ACTIVE
APPLY,gid://shopify/Metaobject/127712723260,New,new,PPMOVE-RED,9878582460732,New,yes,Power Plate Move - Red (New) -- PPMOVE-RED,1,ACTIVE
APPLY,gid://shopify/Metaobject/127712788796,New,new,PPMOVE-SILVER,9878583148860,New,yes,Power Plate Move - Silver (New) -- PPMOVE-SILVER,1,ACTIVE
APPLY,gid://shopify/Metaobject/128613777724,New,new,PPMOVE-WOOD,9878583869756,New,yes,Power Plate Move - Wood Finish (New) -- PPMOVE-WOOD,1,ACTIVE
APPLY,gid://shopify/Metaobject/127712887100,New,new,PRE-AMT885-P80,9878584525116,New,no,Precor AMT 885 with Open Stride w/P80 Console (New) -- PRE-AMT885-P80,1,ARCHIVED
APPLY,gid://shopify/Metaobject/127713018172,New,new,PRE-EFX635-CC-P31,9878585114940,New,no,Precor EFX 635 Elliptical w/Converging Crossramp + p31 Console (New) -,1,ARCHIVED
APPLY,gid://shopify/Metaobject/127713575228,New,new,PRE-EFX835-CC-P31,9878586097980,New,no,Precor EFX 835 Elliptical w/Converging Crossramp + p31 Console (New) -,1,ARCHIVED
APPLY,gid://shopify/Metaobject/127713673532,New,new,PRE-EFX883-CT-P80,9878586655036,New,no,Precor EFX 883 Elliptical Cross-Trainer w/p80 Console (New) -- PRE-EFX,1,ARCHIVED
APPLY,gid://shopify/Metaobject/127713739068,New,new,PRE-EFX885-CC-P82,9878587277628,New,no,Precor EFX 885 Elliptical w/Converging Crossramp + p82 Console (New) -,1,ARCHIVED
APPLY,gid://shopify/Metaobject/127713837372,New,new,PRE-RBK885-P82,9878587736380,New,no,Precor RBK 885 Recumbent Bike w/ P82 Console (New) -- PRE-RBK885-P82,1,ARCHIVED
APPLY,gid://shopify/Metaobject/146927255868,New,new,SM-10G-LED-60,10013842964796,New,yes,Stairmaster 10 Series 10G Gauntlet w/ LED Display (New) -- SM-10G-LED-,1,ACTIVE
APPLY,gid://shopify/Metaobject/127730254140,New,new,SM-8FC-16-ATSC,9878788440380,New,yes,"StairMaster 8 Series Freeclimber w/16"" Embedded Display - Black (New) ",1,ACTIVE
APPLY,gid://shopify/Metaobject/146867454268,New,new,SM-8FC-16IN-60,10012785803580,New,yes,"StairMaster 8 Series FreeClimber w/16"" Touch Display (New) -- SM-8FC-1",1,ACTIVE
APPLY,gid://shopify/Metaobject/127730352444,New,new,SM-8FC-LCD,9878789128508,New,no,StairMaster 8 Series Freeclimber w/LCD 9-5260-8FC-LCD-60BLK - Black (N,1,ACTIVE
APPLY,gid://shopify/Metaobject/146851332412,New,new,SM-8FC-LED-60,10012945547580,New,yes,StairMaster 8 Series FreeClimber w/ LED Display (New) -- SM-8FC-LED-60,1,ACTIVE
APPLY,gid://shopify/Metaobject/146940133692,New,new,SM-8Gx-16IN-60,10013916070204,New,no,"Stairmaster 8 Series Gauntlet X w/16"" Touch Display (New) -- SM-8Gx-16",1,ARCHIVED
APPLY,gid://shopify/Metaobject/146941968700,New,new,SM-8Gx-LED-60,10014042784060,New,yes,Stairmaster 8 Series Gauntlet X w/ LED (New) -- SM-8Gx-LED-60,1,ACTIVE
APPLY,gid://shopify/Metaobject/127731794236,New,new,SM-M,9878798926140,New,no,Versaclimber SM-M Magnetic Cardio Climber (New) -- SM-M,1,ACTIVE
APPLY,gid://shopify/Metaobject/127731859772,New,new,SM-SM-8FC-10,9878801023292,New,no,"Stairmaster 8 Series Freeclimber w/10"" Touch Display - Black (New) -- ",1,ARCHIVED
APPLY,gid://shopify/Metaobject/127731925308,New,new,SM3D1,9878809444668,New,no,StairMaster SM3 StepMill w/ LCD (D-1) Console (New) -- SM3D1,1,ARCHIVED
APPLY,gid://shopify/Metaobject/127732154684,New,new,SMA,9878821306684,New,no,Versaclimber SMA Sport Model (New) -- SMA,1,UNLISTED
APPLY,gid://shopify/Metaobject/127690015036,New,new,SRM,9878859186492,New,no,Versaclimber SRM Sport Rehab Model (New) -- SRM,1,ACTIVE
APPLY,gid://shopify/Metaobject/135299563836,New,new,TD-HIITROW-9-4850,9929995911484,New,no,Throwdown HIIT Rower 9-4850-KINTP0 (New) -- TD-HIITROW-9-4850,1,ACTIVE
APPLY,gid://shopify/Metaobject/135299596604,New,new,TD-HIITSKI-9-4890,9929996304700,New,no,Throwdown HIIT Ski 9-4890-KINTP0 (New) -- TD-HIITSKI-9-4890,1,ACTIVE
APPLY,gid://shopify/Metaobject/127708365116,New,new,TFET,9879025549628,New,yes,Trueform Enduro Non-Motorized Treadmill (New) -- TFET,1,ACTIVE
APPLY,gid://shopify/Metaobject/127708463420,New,new,TFLRT,9879027056956,New,yes,Trueform Low-Rider Non-Motorized Treadmill (New) -- TFLRT,1,ACTIVE
APPLY,gid://shopify/Metaobject/127708594492,New,new,TFPT,9879027810620,New,yes,Trueform Performance Non-Motorized Treadmill (New) -- TFPT,1,ACTIVE
APPLY,gid://shopify/Metaobject/127708692796,New,new,TFWDT,9879028728124,New,yes,Trueform Walking Desk Non-Motorized Treadmill (New) -- TFWDT,1,ACTIVE
APPLY,gid://shopify/Metaobject/127718228284,New,new,TS-A,9879125885244,New,no,Versaclimber TS-A Cardio Climber (New) -- TS-A,1,UNLISTED
APPLY,gid://shopify/Metaobject/127718359356,New,new,TS-M,9879127490876,New,no,VersaClimber TS-Magnetic (New) -- TS-M,1,ACTIVE
APPLY,gid://shopify/Metaobject/127725601084,New,new,XT-ONE-NEW,9879213769020,New,no,Octane XT1 XT-One Elliptical w/Standard Console (New) -- XT-ONE-NEW,1,ARCHIVED
APPLY,gid://shopify/Metaobject/124822290748,New,new,cl108alx,9878570828092,New,no,Versaclimber CL-108ALX Versa Climber (New) -- cl108alx,1,ARCHIVED
APPLY,gid://shopify/Metaobject/124822389052,New,new,cl108h,9878572695868,New,no,Versaclimber CL-108H Stair Climber (New) -- cl108h,1,ARCHIVED
APPLY,gid://shopify/Metaobject/124822782268,New,new,cl108hp,9878574694716,New,no,Versaclimber CL-108 HP Stair Climber (New) -- cl108hp,1,ARCHIVED
APPLY,gid://shopify/Metaobject/124822815036,New,new,cl108lx,9878576070972,New,no,Versaclimber CL-108LX Versa Climber (New) -- cl108lx,1,ARCHIVED
APPLY,gid://shopify/Metaobject/124823535932,New,new,con2rowerg,9878587670844,New,no,Concept2 RowErg Indoor Rower w/PM5 Console (New) -- con2rowerg,1,ACTIVE
APPLY,gid://shopify/Metaobject/124823830844,New,new,con2skierg,9878589505852,New,no,Concept2 Skierg w/ PM5 Console (New) -- con2skierg,1,ACTIVE
APPLY,gid://shopify/Metaobject/124996682044,New,new,dyn6202-03,9878784934204,New,no,"GoldenDesigns DYN-6202-03 Dynamic ""Andora"" Low EMF Far Infrared Sauna ",1,ARCHIVED
APPLY,gid://shopify/Metaobject/124996747580,New,new,dyn633601,9878786474300,New,no,"GoldenDesigns DYN-6336-01 Dynamic ""Lugano"" Low EMF Far Infrared Sauna ",1,ARCHIVED
APPLY,gid://shopify/Metaobject/124996813116,New,new,dyn644001,9878787227964,New,no,"GoldenDesigns DYN-6440-01 Dynamic ""Bergamo"" Low EMF Far Infrared Sauna",1,ACTIVE
APPLY,gid://shopify/Metaobject/127716655420,New,new,mxj20602s,9879229890876,New,no,"GoldenDesigns MX-J206-02S Maxxus ""Aspen"" Dual Tech Low EMF FAR IR Saun",1,ARCHIVED
APPLY,gid://shopify/Metaobject/127716720956,New,new,mxj30602s,9879230611772,New,no,"GoldenDesigns MX-J306-02S Maxxus ""Alpine"" Dual Techology Low EMF FAR I",1,ACTIVE
APPLY,gid://shopify/Metaobject/127722946876,New,new,pro5hp,9878656647484,New,yes,Power Plate Pro5 HP - Matte Black (New) -- pro5hp,1,ACTIVE
APPLY,gid://shopify/Metaobject/127727501628,New,new,sf-sbproxl,9878760194364,New,no,SpeedFit Speedboard ProXL Treadmill (New) -- sf-sbproxl,1,ARCHIVED
APPLY,gid://shopify/Metaobject/149897249084,New ,new,FF-URPSD30-V2,10030858633532,New,no,French Fitness Urethane Round Pro Style Dumbbell V2 30 lbs - Single (N,1,ACTIVE
APPLY,gid://shopify/Metaobject/123619311932,Refurbished,refurbished,7000PTSILVER,9878480814396,Remanufactured,yes,Stairmaster 7000PT Stepmill w/ Silver Console (Remanufactured) -- 7000,1,ACTIVE
APPLY,gid://shopify/Metaobject/123619443004,Refurbished,refurbished,750T,9878482485564,Remanufactured,yes,Cybex 750T Treadmill (Remanufactured) -- 750T,1,ACTIVE
APPLY,gid://shopify/Metaobject/123620196668,Refurbished,refurbished,828e,9878490644796,Remanufactured,yes,Monark Exercise AB 828E Ergomedic Exercise Bike (Remanufactured) -- 82,1,ACTIVE
APPLY,gid://shopify/Metaobject/171036770620,Refurbished,refurbished,EFX865P62,10121200468284,Remanufactured,yes,Precor EFX 865 Elliptical w/Converging Crossramp + p62 Console (Remanu,1,ACTIVE
APPLY,gid://shopify/Metaobject/125090234684,Refurbished,refurbished,FF45DLP,9879159439676,Remanufactured,no,Flex Fitness 45 Degree Leg Press Plate Loaded (Remanufactured) -- FF45,1,UNLISTED
APPLY,gid://shopify/Metaobject/184281432380,Refurbished,refurbished,PRECOR-C026ES,10183744684348,Remanufactured,yes,Precor Vitality S Line Dual Pulldown / Seated Row (Remanufactured) -- ,1,ACTIVE
APPLY,gid://shopify/Metaobject/127720456508,Refurbished,refurbished,PREEFX885crp82,9878635544892,Remanufactured,yes,Precor EFX 885 Elliptical w/Converging Crossramp + p82 Console (Remanu,1,ACTIVE
APPLY,gid://shopify/Metaobject/150633054524,new ,new,FF-URPSD105-V2,10041701105980,New,no,French Fitness Urethane Round Pro Style Dumbbell V2 105 lbs - Single (,1,UNLISTED
APPLY,gid://shopify/Metaobject/149882700092,new ,new,FF-URPSD15-V2,10029869171004,New,no,French Fitness Urethane Round Pro Style Dumbbell V2 15 lbs - Single (N,1,ACTIVE
APPLY,gid://shopify/Metaobject/149889679676,new ,new,FF-URPSD20-V2,10030825144636,New,no,French Fitness Urethane Round Pro Style Dumbbell V2 20 lbs - Single (N,1,ACTIVE
APPLY,gid://shopify/Metaobject/149917073724,new ,new,FF-URPSD35-V2,10030876852540,New,yes,French Fitness Urethane Round Pro Style Dumbbell V2 35 lbs - Single (N,1,ACTIVE
APPLY,gid://shopify/Metaobject/149945254204,new ,new,FF-URPSD40-V2,10030944125244,New,yes,French Fitness Urethane Round Pro Style Dumbbell V2 40 lbs - Single (N,1,ACTIVE
APPLY,gid://shopify/Metaobject/149951152444,new ,new,FF-URPSD45-V2,10030976729404,New,yes,French Fitness Urethane Round Pro Style Dumbbell V2 45 lbs - Single (N,1,ACTIVE
APPLY,gid://shopify/Metaobject/149970059580,new ,new,FF-URPSD50-V2,10031019065660,New,yes,French Fitness Urethane Round Pro Style Dumbbell V2 50 lbs - Single (N,1,ACTIVE
APPLY,gid://shopify/Metaobject/150591635772,new ,new,FF-URPSD65-V2,10034665914684,New,yes,French Fitness Urethane Round Pro Style Dumbbell V2 65 lbs - Single (N,1,ACTIVE
APPLY,gid://shopify/Metaobject/150591340860,new ,new,FF-URPSD70-V2,10041131303228,New,yes,French Fitness Urethane Round Pro Style Dumbbell V2 70 lbs - Single (N,1,ACTIVE
APPLY,gid://shopify/Metaobject/150600057148,new ,new,FF-URPSD90-V2,10041293013308,New,yes,French Fitness Urethane Round Pro Style Dumbbell V2 90 lbs - Single (N,1,ACTIVE
APPLY,gid://shopify/Metaobject/148572373308,refurbished ,refurbished,TRUE-CS400-EN,10027115905340,Remanufactured,yes,True Fitness CS400 Elliptical w/ Envision Console (Remanufactured) -- ,1,ACTIVE
"HOLD - As-is unit; 'used' is a third value, needs Tim's GO",gid://shopify/Metaobject/127712297276,Used,used,maxicam-2tsdr,9879184408892,As is,no,Maxicam 2 Tier Saddle Dumbbell Rack w/5-50 Ivanko Dumbbell Set - 9 Pai,1,ACTIVE
"SKIP - orphan, no product references it, reaches no feed",gid://shopify/Metaobject/176449093948,,,,,,no,French Fitness FSR90 Functional Trainer Smith & Squat Rack Machine (Ne,0,
"SKIP - orphan, no product references it, reaches no feed",gid://shopify/Metaobject/176457711932,,,,,,no,French Fitness FSR100 Commercial Functional Smith Rack System (New) --,0,
"SKIP - orphan, no product references it, reaches no feed",gid://shopify/Metaobject/176470327612,,,,,,no,French Fitness Tahoe Pec Fly / Rear Delt (New) -- FFT-PFRD,0,
"SKIP - orphan, no product references it, reaches no feed",gid://shopify/Metaobject/176472064316,,,,,,no,French Fitness Tahoe Prone Leg Curl / Leg Extension (New) -- FFT-PLCLE,0,
"SKIP - orphan, no product references it, reaches no feed",gid://shopify/Metaobject/176736600380,,,,,,no,"French Fitness 2 Tier Saddle Dumbbell Rack V3, 10 Pairs (New) -- FF-2T",0,
"SKIP - orphan, no product references it, reaches no feed",gid://shopify/Metaobject/227281731900,,,,,,no,French Fitness Rack & Rig Angled Junction Bars (New) --FF-RR-AJB,0,
"SKIP - orphan, no product references it, reaches no feed",gid://shopify/Metaobject/125111435580,,,FSR60-26406,9878703145276,,no,FSR60 price difference #26406 -- FSR60-26406,1,UNLISTED
"SKIP - orphan, no product references it, reaches no feed",gid://shopify/Metaobject/125000089916,New,,,,,no,First Degree Fitness E-216 Rower (New) -- fde216,0,
"SKIP - orphan, no product references it, reaches no feed",gid://shopify/Metaobject/125000319292,New,,,,,no,First Degree Fitness E-620 Fluid UBE (New) -- fde620,0,
"SKIP - orphan, no product references it, reaches no feed",gid://shopify/Metaobject/125001302332,New,,,,,no,First Degree Fitness Neptune Challenge AR Fluid Rower (New) -- fdneptu,0,
"SKIP - orphan, no product references it, reaches no feed",gid://shopify/Metaobject/125001531708,New,,,,,no,First Degree Fitness Pacific AR Rower (New) -- fdpacific,0,
"SKIP - orphan, no product references it, reaches no feed",gid://shopify/Metaobject/125001695548,New,,,,,no,First Degree Fitness Fluid PowerZone Row (New) -- fdpzrowor,0,
"SKIP - orphan, no product references it, reaches no feed",gid://shopify/Metaobject/125001826620,New,,,,,no,First Degree Fitness Trident AR Rower (New) -- fdtrident,0,
"SKIP - orphan, no product references it, reaches no feed",gid://shopify/Metaobject/125002318140,New,,,,,no,First Degree Fitness Viking AR Rower (New) -- fdviking,0,
"SKIP - orphan, no product references it, reaches no feed",gid://shopify/Metaobject/125002350908,New,,,,,no,First Degree Fitness Horizontal Viking 2 AR Indoor Rower (New) -- fdvi,0,
"SKIP - orphan, no product references it, reaches no feed",gid://shopify/Metaobject/125002580284,New,,,,,no,First Degree Fitness Vortex VX-1 Compact  Rower (New) -- fdvortexvx1,0,
"SKIP - orphan, no product references it, reaches no feed",gid://shopify/Metaobject/125002613052,New,,,,,no,First Degree Fitness Vortex VX-2 Compact Rower (New) -- fdvortexvx2,0,
"SKIP - orphan, no product references it, reaches no feed",gid://shopify/Metaobject/125002645820,New,,,,,no,First Degree Fitness Vortex VX-Pro 2 Fluid Rower (New) -- fdvortexvxpr,0,
"SKIP - orphan, no product references it, reaches no feed",gid://shopify/Metaobject/125002744124,New,,,,,no,First Degree Fitness VX-1 Rower (New) -- fdvx1,0,
"SKIP - orphan, no product references it, reaches no feed",gid://shopify/Metaobject/125002776892,New,,,,,no,First Degree Fitness VX-2 Rower (New) -- fdvx2,0,
"SKIP - orphan, no product references it, reaches no feed",gid://shopify/Metaobject/125002809660,New,,,,,no,First Degree Fitness VX-3 Rower (New) -- fdvx3,0,
"SKIP - orphan, no product references it, reaches no feed",gid://shopify/Metaobject/125111501116,New,,,,,no,GoldenDesigns GDI-3106-01 Low EMF Far Infrared Sauna (New) -- GDI-3106,0,
"SKIP - orphan, no product references it, reaches no feed",gid://shopify/Metaobject/125111566652,New,,,,,no,GoldenDesigns GDI-3206-01 Low EMF Far Infrared Sauna (New) -- GDI-3206,0,
"SKIP - orphan, no product references it, reaches no feed",gid://shopify/Metaobject/125111632188,New,,,,,no,GoldenDesigns GDI-3306-01 Low EMF Far Infrared Sauna (New) -- GDI-3306,0,
"SKIP - orphan, no product references it, reaches no feed",gid://shopify/Metaobject/125111664956,New,,,,,no,GoldenDesigns GDI-6106-01 Low EMF Far Infrared Sauna (New) -- GDI-6106,0,
"SKIP - orphan, no product references it, reaches no feed",gid://shopify/Metaobject/125111763260,New,,,,,no,GoldenDesigns GDI-6109-01 Low EMF Far Infrared Sauna (New) -- GDI-6109,0,
"SKIP - orphan, no product references it, reaches no feed",gid://shopify/Metaobject/125111861564,New,,,,,no,GoldenDesigns GDI-6202-03 Low EMF Far Infrared Sauna (New) -- GDI-6202,0,
"SKIP - orphan, no product references it, reaches no feed",gid://shopify/Metaobject/125111894332,New,,,,,no,GoldenDesigns GDI-6232-01 Low EMF Far Infrared Sauna (New) -- GDI-6232,0,
"SKIP - orphan, no product references it, reaches no feed",gid://shopify/Metaobject/125111927100,New,,,,,no,GoldenDesigns GDI-6235-01 Low EMF Far Infrared Sauna (New) -- GDI-6235,0,
"SKIP - orphan, no product references it, reaches no feed",gid://shopify/Metaobject/125111959868,New,,,,,no,GoldenDesigns GDI-6240-02 Low EMF Far Infrared Sauna (New) -- GDI-6240,0,
"SKIP - orphan, no product references it, reaches no feed",gid://shopify/Metaobject/125112287548,New,,,,,no,GoldenDesigns GDI-6444-01 Low EMF Far Infrared Sauna (New) -- GDI-6444,0,
"SKIP - orphan, no product references it, reaches no feed",gid://shopify/Metaobject/125112320316,New,,,,,no,GoldenDesigns GDI-6454-01 Near Zero EMF Far IR Sauna (New) -- GDI-6454,0,
"SKIP - orphan, no product references it, reaches no feed",gid://shopify/Metaobject/125116612924,New,,,,,no,Throwdown HIIT Ski (New) -- HIITSKI-9-4710,0,
"SKIP - orphan, no product references it, reaches no feed",gid://shopify/Metaobject/125121626428,New,,,,,no,First Degree Fitness Evolution S6 Laguna Fluid Rower (New) -- LAGUNA,0,
"SKIP - orphan, no product references it, reaches no feed",gid://shopify/Metaobject/127716196668,New,,,,,no,Precor EFX 883 Elliptical Crosstrainer w/p82 Console (New) -- Precor-E,0,
"SKIP - orphan, no product references it, reaches no feed",gid://shopify/Metaobject/127731597628,New,,,,,no,Stairmaster HIIT Rower (New) -- SM-9-4690,0,
"SKIP - orphan, no product references it, reaches no feed",gid://shopify/Metaobject/174827962684,New,,,,,no,French Fitness Barbell Workout Training Charts / Posters (New) -- FF-T,0,
"SKIP - orphan, no product references it, reaches no feed",gid://shopify/Metaobject/236050874684,New,,,,,no,VersaClimber Home w/Touch Screen (New) -- H-TS,0,
