metaobject_id,name,current_value,category,referenced_by_products,product_id,sku,condition_state
127712297276,Maxicam 2 Tier Saddle Dumbbell Rack w/5-50 Ivanko Dumbbell Set - 9 Pai,Used,Maxicam HOLD - Tim ruled lowercase used,1,9879184408892,maxicam-2tsdr,As is
125111435580,FSR60 price difference #26406 -- FSR60-26406,,orphan - no product references it,1,9878703145276,FSR60-26406,
176449093948,French Fitness FSR90 Functional Trainer Smith & Squat Rack Machine (Ne,,orphan - no product references it,0,,,
176457711932,French Fitness FSR100 Commercial Functional Smith Rack System (New) --,,orphan - no product references it,0,,,
176470327612,French Fitness Tahoe Pec Fly / Rear Delt (New) -- FFT-PFRD,,orphan - no product references it,0,,,
176472064316,French Fitness Tahoe Prone Leg Curl / Leg Extension (New) -- FFT-PLCLE,,orphan - no product references it,0,,,
176736600380,"French Fitness 2 Tier Saddle Dumbbell Rack V3, 10 Pairs (New) -- FF-2T",,orphan - no product references it,0,,,
227281731900,French Fitness Rack & Rig Angled Junction Bars (New) --FF-RR-AJB,,orphan - no product references it,0,,,
125000089916,First Degree Fitness E-216 Rower (New) -- fde216,New,orphan - no product references it,0,,,
125000319292,First Degree Fitness E-620 Fluid UBE (New) -- fde620,New,orphan - no product references it,0,,,
125001302332,First Degree Fitness Neptune Challenge AR Fluid Rower (New) -- fdneptu,New,orphan - no product references it,0,,,
125001531708,First Degree Fitness Pacific AR Rower (New) -- fdpacific,New,orphan - no product references it,0,,,
125001695548,First Degree Fitness Fluid PowerZone Row (New) -- fdpzrowor,New,orphan - no product references it,0,,,
125001826620,First Degree Fitness Trident AR Rower (New) -- fdtrident,New,orphan - no product references it,0,,,
125002318140,First Degree Fitness Viking AR Rower (New) -- fdviking,New,orphan - no product references it,0,,,
125002350908,First Degree Fitness Horizontal Viking 2 AR Indoor Rower (New) -- fdvi,New,orphan - no product references it,0,,,
125002580284,First Degree Fitness Vortex VX-1 Compact  Rower (New) -- fdvortexvx1,New,orphan - no product references it,0,,,
125002613052,First Degree Fitness Vortex VX-2 Compact Rower (New) -- fdvortexvx2,New,orphan - no product references it,0,,,
125002645820,First Degree Fitness Vortex VX-Pro 2 Fluid Rower (New) -- fdvortexvxpr,New,orphan - no product references it,0,,,
125002744124,First Degree Fitness VX-1 Rower (New) -- fdvx1,New,orphan - no product references it,0,,,
125002776892,First Degree Fitness VX-2 Rower (New) -- fdvx2,New,orphan - no product references it,0,,,
125002809660,First Degree Fitness VX-3 Rower (New) -- fdvx3,New,orphan - no product references it,0,,,
125111501116,GoldenDesigns GDI-3106-01 Low EMF Far Infrared Sauna (New) -- GDI-3106,New,orphan - no product references it,0,,,
125111566652,GoldenDesigns GDI-3206-01 Low EMF Far Infrared Sauna (New) -- GDI-3206,New,orphan - no product references it,0,,,
125111632188,GoldenDesigns GDI-3306-01 Low EMF Far Infrared Sauna (New) -- GDI-3306,New,orphan - no product references it,0,,,
125111664956,GoldenDesigns GDI-6106-01 Low EMF Far Infrared Sauna (New) -- GDI-6106,New,orphan - no product references it,0,,,
125111763260,GoldenDesigns GDI-6109-01 Low EMF Far Infrared Sauna (New) -- GDI-6109,New,orphan - no product references it,0,,,
125111861564,GoldenDesigns GDI-6202-03 Low EMF Far Infrared Sauna (New) -- GDI-6202,New,orphan - no product references it,0,,,
125111894332,GoldenDesigns GDI-6232-01 Low EMF Far Infrared Sauna (New) -- GDI-6232,New,orphan - no product references it,0,,,
125111927100,GoldenDesigns GDI-6235-01 Low EMF Far Infrared Sauna (New) -- GDI-6235,New,orphan - no product references it,0,,,
125111959868,GoldenDesigns GDI-6240-02 Low EMF Far Infrared Sauna (New) -- GDI-6240,New,orphan - no product references it,0,,,
125112287548,GoldenDesigns GDI-6444-01 Low EMF Far Infrared Sauna (New) -- GDI-6444,New,orphan - no product references it,0,,,
125112320316,GoldenDesigns GDI-6454-01 Near Zero EMF Far IR Sauna (New) -- GDI-6454,New,orphan - no product references it,0,,,
125116612924,Throwdown HIIT Ski (New) -- HIITSKI-9-4710,New,orphan - no product references it,0,,,
125121626428,First Degree Fitness Evolution S6 Laguna Fluid Rower (New) -- LAGUNA,New,orphan - no product references it,0,,,
127716196668,Precor EFX 883 Elliptical Crosstrainer w/p82 Console (New) -- Precor-E,New,orphan - no product references it,0,,,
127731597628,Stairmaster HIIT Rower (New) -- SM-9-4690,New,orphan - no product references it,0,,,
174827962684,French Fitness Barbell Workout Training Charts / Posters (New) -- FF-T,New,orphan - no product references it,0,,,
236050874684,VersaClimber Home w/Touch Screen (New) -- H-TS,New,orphan - no product references it,0,,,
223758221628,French Fitness Rack & Rig Junction Bar Crossmembers (New) -- FF-RR-JBS,,"was re-keyed by Larianne - old wrong id, now unused",1,10280400355644,FF-RR-JBS-20-CM,New
227152527676,French Fitness Rack & Rig Uprights (New) -- FF-RR-U,,"was re-keyed by Larianne - old wrong id, now unused",1,10281641443644,FF-RR-U-36,New
227290480956,French Fitness Rack & Rig Dirty South Bar Attachments (New) -- FF-RR-D,,"was re-keyed by Larianne - old wrong id, now unused",1,10279796801852,FF-RR-DSBA-43,New
227327803708,French Fitness Rack & Rig Double Pull Up Bars (New) -- FF-RR-DPB,,"was re-keyed by Larianne - old wrong id, now unused",1,10283053416764,FF-RR-DPB-43,New
227328721212,French Fitness Rack & Rig Pull Up Bars (New) -- FF-RR-PB,,"was re-keyed by Larianne - old wrong id, now unused",1,10281644687676,FF-RR-PB-43,New
227386261820,French Fitness Rack & Rig Junction Bar Pull Up Bars (New) -- FF-RR-JB,,"was re-keyed by Larianne - old wrong id, now unused",1,10281668182332,FF-RR-JB-43-V2PU,New
227388850492,French Fitness Rack & Rig Bumper Plate Tier/Tray Attachments (New) -- ,,"was re-keyed by Larianne - old wrong id, now unused",1,10281676734780,FF-RR-BPR-43,New
227391701308,French Fitness Rack & Rig Ball Tier/Tray Attachments (New) -- FF-RR-BR,,"was re-keyed by Larianne - old wrong id, now unused",1,10281681289532,FF-RR-BR-43,New
227408576828,French Fitness Rack & Rig Dumbbell Tier/Tray Attachments (New) -- FF-R,,"was re-keyed by Larianne - old wrong id, now unused",1,10281684205884,FF-RR-DBR-43,New
227409559868,French Fitness Rack & Rig Kettlebell Tier/Tray Attachments (New) -- FF,,"was re-keyed by Larianne - old wrong id, now unused",1,10279802011964,FF-RR-KBR-43,New
227410379068,French Fitness Monster Universal Storage System Uprights (New) -- FF-M,,"was re-keyed by Larianne - old wrong id, now unused",1,10281708388668,FF-MSS-U29,New
