id,custom_label_0
FF-FSR90,sep2026_overstock_10
FFM-CLPS,sep2026_overstock_10
FF-MFAB-ACLE-V2,sep2026_overstock_10
FFS-SBE,sep2026_overstock_10
FFS-SHC,sep2026_overstock_10
FFS-DAP,sep2026_overstock_10
FFS-HAA,sep2026_overstock_10
FFS-LPDLR,sep2026_overstock_10
FFS-PFRD,sep2026_overstock_10
FFT-PCFR,sep2026_overstock_10
FF-SRFT8,sep2026_overstock_10
FF-APGT-1450,sep2026_overstock_10
FF-FSR50,sep2026_overstock_10
FF-FSR60,sep2026_overstock_10
FF-FSR70,sep2026_overstock_10
FFB-OSR,sep2026_overstock_10
